000001,XSHE,平安银行
000002,XSHE,万  科Ａ
000004,XSHE,国农科技
000005,XSHE,世纪星源
000006,XSHE,深振业Ａ
000007,XSHE,零七股份
000008,XSHE,神州高铁
000009,XSHE,中国宝安
000010,XSHE,深华新
000011,XSHE,深物业A
000012,XSHE,南  玻Ａ
000014,XSHE,沙河股份
000016,XSHE,深康佳Ａ
000017,XSHE,深中华A
000018,XSHE,神州长城
000019,XSHE,深深宝Ａ
000020,XSHE,深华发Ａ
000021,XSHE,深科技
000022,XSHE,深赤湾Ａ
000023,XSHE,深天地Ａ
000024,XSHE,招商地产
000025,XSHE,特  力Ａ
000026,XSHE,飞亚达Ａ
000027,XSHE,深圳能源
000028,XSHE,国药一致
000029,XSHE,深深房Ａ
000030,XSHE,富奥股份
000031,XSHE,中粮地产
000032,XSHE,深桑达Ａ
000033,XSHE,
000034,XSHE,深信泰丰
000035,XSHE,中国天楹
000036,XSHE,华联控股
000037,XSHE,深南电Ａ
000038,XSHE,深大通
000039,XSHE,中集集团
000040,XSHE,宝安地产
000042,XSHE,中洲控股
000043,XSHE,中航地产
000045,XSHE,深纺织Ａ
000046,XSHE,泛海控股
000048,XSHE,康达尔
000049,XSHE,德赛电池
000050,XSHE,深天马Ａ
000055,XSHE,方大集团
000056,XSHE,皇庭国际
000058,XSHE,深 赛 格
000059,XSHE,*ST华锦
000060,XSHE,中金岭南
000061,XSHE,农 产 品
000062,XSHE,深圳华强
000063,XSHE,中兴通讯
000065,XSHE,北方国际
000066,XSHE,长城电脑
000068,XSHE,*ST华赛
000069,XSHE,华侨城Ａ
000070,XSHE,特发信息
000078,XSHE,海王生物
000088,XSHE,盐 田 港
000089,XSHE,深圳机场
000090,XSHE,天健集团
000096,XSHE,广聚能源
000099,XSHE,中信海直
000100,XSHE,TCL 集团
000150,XSHE,宜华健康
000151,XSHE,中成股份
000153,XSHE,丰原药业
000155,XSHE,*ST川化
000156,XSHE,华数传媒
000157,XSHE,中联重科
000158,XSHE,常山股份
000159,XSHE,国际实业
000166,XSHE,申万宏源
000301,XSHE,东方市场
000333,XSHE,美的集团
000338,XSHE,潍柴动力
000400,XSHE,许继电气
000401,XSHE,冀东水泥
000402,XSHE,金 融 街
000403,XSHE,ST生化
000404,XSHE,华意压缩
000407,XSHE,胜利股份
000408,XSHE,金谷源
000409,XSHE,山东地矿
000410,XSHE,沈阳机床
000411,XSHE,英特集团
000413,XSHE,东旭光电
000415,XSHE,渤海租赁
000416,XSHE,民生控股
000417,XSHE,合肥百货
000418,XSHE,小天鹅Ａ
000419,XSHE,通程控股
000420,XSHE,吉林化纤
000421,XSHE,南京中北
000422,XSHE,湖北宜化
000423,XSHE,东阿阿胶
000425,XSHE,徐工机械
000426,XSHE,兴业矿业
000428,XSHE,华天酒店
000429,XSHE,粤高速Ａ
000430,XSHE,张家界
000488,XSHE,晨鸣纸业
000498,XSHE,山东路桥
000501,XSHE,鄂武商Ａ
000502,XSHE,绿景控股
000503,XSHE,海虹控股
000504,XSHE,南华生物
000505,XSHE,珠江控股
000506,XSHE,中润资源
000507,XSHE,珠海港
000509,XSHE,华塑控股
000510,XSHE,*ST金路
000511,XSHE,烯碳新材
000513,XSHE,丽珠集团
000514,XSHE,渝 开 发
000516,XSHE,国际医学
000517,XSHE,荣安地产
000518,XSHE,四环生物
000519,XSHE,江南红箭
000520,XSHE,长航凤凰
000521,XSHE,美菱电器
000523,XSHE,广州浪奇
000524,XSHE,岭南控股
000525,XSHE,红 太 阳
000526,XSHE,银润投资
000528,XSHE,柳    工
000529,XSHE,广弘控股
000530,XSHE,大冷股份
000531,XSHE,穗恒运Ａ
000532,XSHE,力合股份
000533,XSHE,万 家 乐
000534,XSHE,万泽股份
000536,XSHE,华映科技
000537,XSHE,广宇发展
000538,XSHE,云南白药
000539,XSHE,粤电力Ａ
000540,XSHE,中天城投
000541,XSHE,佛山照明
000543,XSHE,皖能电力
000544,XSHE,中原环保
000545,XSHE,金浦钛业
000546,XSHE,金圆股份
000547,XSHE,航天发展
000548,XSHE,湖南投资
000550,XSHE,江铃汽车
000551,XSHE,创元科技
000552,XSHE,靖远煤电
000553,XSHE,沙隆达Ａ
000554,XSHE,泰山石油
000555,XSHE,神州信息
000557,XSHE,*ST广夏
000558,XSHE,莱茵体育
000559,XSHE,万向钱潮
000560,XSHE,昆百大Ａ
000561,XSHE,烽火电子
000563,XSHE,陕国投Ａ
000564,XSHE,西安民生
000565,XSHE,渝三峡Ａ
000566,XSHE,海南海药
000567,XSHE,海德股份
000568,XSHE,泸州老窖
000570,XSHE,苏常柴Ａ
000571,XSHE,新大洲Ａ
000572,XSHE,海马汽车
000573,XSHE,粤宏远Ａ
000576,XSHE,广东甘化
000581,XSHE,威孚高科
000582,XSHE,北部湾港
000584,XSHE,友利控股
000585,XSHE,东北电气
000586,XSHE,汇源通信
000587,XSHE,金叶珠宝
000589,XSHE,黔轮胎Ａ
000590,XSHE,*ST古汉
000591,XSHE,桐 君 阁
000592,XSHE,平潭发展
000593,XSHE,大通燃气
000595,XSHE,宝塔实业
000596,XSHE,古井贡酒
000597,XSHE,东北制药
000598,XSHE,兴蓉环境
000599,XSHE,青岛双星
000600,XSHE,建投能源
000601,XSHE,韶能股份
000603,XSHE,盛达矿业
000605,XSHE,渤海股份
000606,XSHE,青海明胶
000607,XSHE,华媒控股
000608,XSHE,阳光股份
000609,XSHE,绵世股份
000610,XSHE,西安旅游
000611,XSHE,*ST蒙发
000612,XSHE,焦作万方
000613,XSHE,大东海A
000615,XSHE,湖北金环
000616,XSHE,海航投资
000617,XSHE,石油济柴
000619,XSHE,海螺型材
000620,XSHE,新华联
000622,XSHE,恒立实业
000623,XSHE,吉林敖东
000625,XSHE,长安汽车
000626,XSHE,如意集团
000627,XSHE,天茂集团
000628,XSHE,高新发展
000629,XSHE,攀钢钒钛
000630,XSHE,铜陵有色
000631,XSHE,顺发恒业
000632,XSHE,三木集团
000633,XSHE,合金投资
000635,XSHE,英 力 特
000636,XSHE,风华高科
000637,XSHE,茂化实华
000638,XSHE,万方发展
000639,XSHE,西王食品
000650,XSHE,仁和药业
000651,XSHE,格力电器
000652,XSHE,泰达股份
000655,XSHE,金岭矿业
000656,XSHE,金科股份
000657,XSHE,中钨高新
000659,XSHE,*ST中富
000661,XSHE,长春高新
000662,XSHE,索芙特
000663,XSHE,永安林业
000665,XSHE,湖北广电
000666,XSHE,经纬纺机
000667,XSHE,美好集团
000668,XSHE,荣丰控股
000669,XSHE,金鸿能源
000670,XSHE,盈方微
000671,XSHE,阳 光 城
000672,XSHE,上峰水泥
000673,XSHE,当代东方
000676,XSHE,智度投资
000677,XSHE,*ST海龙
000678,XSHE,襄阳轴承
000679,XSHE,大连友谊
000680,XSHE,山推股份
000681,XSHE,视觉中国
000682,XSHE,东方电子
000683,XSHE,远兴能源
000685,XSHE,中山公用
000686,XSHE,东北证券
000687,XSHE,华讯方舟
000688,XSHE,建新矿业
000690,XSHE,宝新能源
000691,XSHE,亚太实业
000692,XSHE,惠天热电
000693,XSHE,华泽钴镍
000695,XSHE,滨海能源
000697,XSHE,炼石有色
000698,XSHE,沈阳化工
000700,XSHE,模塑科技
000701,XSHE,厦门信达
000702,XSHE,正虹科技
000703,XSHE,恒逸石化
000705,XSHE,浙江震元
000707,XSHE,双环科技
000708,XSHE,大冶特钢
000709,XSHE,河北钢铁
000710,XSHE,天兴仪表
000711,XSHE,*ST京蓝
000712,XSHE,锦龙股份
000713,XSHE,丰乐种业
000715,XSHE,中兴商业
000716,XSHE,黑芝麻
000717,XSHE,韶钢松山
000718,XSHE,苏宁环球
000719,XSHE,大地传媒
000720,XSHE,新能泰山
000721,XSHE,西安饮食
000722,XSHE,湖南发展
000723,XSHE,美锦能源
000725,XSHE,京东方Ａ
000726,XSHE,鲁  泰Ａ
000727,XSHE,华东科技
000728,XSHE,国元证券
000729,XSHE,燕京啤酒
000731,XSHE,四川美丰
000732,XSHE,泰禾集团
000733,XSHE,振华科技
000735,XSHE,罗 牛 山
000736,XSHE,中房地产
000737,XSHE,南风化工
000738,XSHE,中航动控
000739,XSHE,普洛药业
000748,XSHE,长城信息
000750,XSHE,国海证券
000751,XSHE,锌业股份
000752,XSHE,西藏发展
000753,XSHE,漳州发展
000755,XSHE,山西三维
000756,XSHE,新华制药
000757,XSHE,浩物股份
000758,XSHE,中色股份
000759,XSHE,中百集团
000760,XSHE,斯太尔
000761,XSHE,本钢板材
000762,XSHE,西藏矿业
000766,XSHE,通化金马
000767,XSHE,漳泽电力
000768,XSHE,中航飞机
000776,XSHE,广发证券
000777,XSHE,中核科技
000778,XSHE,新兴铸管
000779,XSHE,三毛派神
000780,XSHE,平庄能源
000782,XSHE,美达股份
000783,XSHE,长江证券
000785,XSHE,武汉中商
000786,XSHE,北新建材
000788,XSHE,北大医药
000789,XSHE,万年青
000790,XSHE,华神集团
000791,XSHE,甘肃电投
000792,XSHE,盐湖股份
000793,XSHE,华闻传媒
000795,XSHE,太原刚玉
000796,XSHE,凯撒旅游
000797,XSHE,中国武夷
000798,XSHE,中水渔业
000799,XSHE,*ST酒鬼
000800,XSHE,一汽轿车
000801,XSHE,四川九洲
000802,XSHE,北京文化
000803,XSHE,金宇车城
000806,XSHE,银河生物
000807,XSHE,云铝股份
000809,XSHE,铁岭新城
000810,XSHE,创维数字
000811,XSHE,烟台冰轮
000812,XSHE,陕西金叶
000813,XSHE,天山纺织
000815,XSHE,*ST美利
000816,XSHE,智慧农业
000818,XSHE,方大化工
000819,XSHE,岳阳兴长
000820,XSHE,金城股份
000821,XSHE,京山轻机
000822,XSHE,山东海化
000823,XSHE,超声电子
000825,XSHE,太钢不锈
000826,XSHE,启迪桑德
000828,XSHE,东莞控股
000829,XSHE,天音控股
000830,XSHE,鲁西化工
000831,XSHE,五矿稀土
000833,XSHE,贵糖股份
000835,XSHE,长城动漫
000836,XSHE,鑫茂科技
000837,XSHE,秦川机床
000838,XSHE,财信发展
000839,XSHE,中信国安
000848,XSHE,承德露露
000850,XSHE,华茂股份
000851,XSHE,高鸿股份
000852,XSHE,石化机械
000856,XSHE,冀东装备
000858,XSHE,五 粮 液
000859,XSHE,国风塑业
000860,XSHE,顺鑫农业
000861,XSHE,海印股份
000862,XSHE,银星能源
000863,XSHE,三湘股份
000868,XSHE,安凯客车
000869,XSHE,张  裕Ａ
000875,XSHE,吉电股份
000876,XSHE,新 希 望
000877,XSHE,天山股份
000878,XSHE,云南铜业
000880,XSHE,潍柴重机
000881,XSHE,大连国际
000882,XSHE,华联股份
000883,XSHE,湖北能源
000885,XSHE,同力水泥
000886,XSHE,海南高速
000887,XSHE,中鼎股份
000888,XSHE,峨眉山Ａ
000889,XSHE,茂业通信
000890,XSHE,法 尔 胜
000892,XSHE,*ST星美
000893,XSHE,东凌粮油
000895,XSHE,双汇发展
000897,XSHE,津滨发展
000898,XSHE,鞍钢股份
000899,XSHE,赣能股份
000900,XSHE,现代投资
000901,XSHE,航天科技
000902,XSHE,新洋丰
000903,XSHE,云内动力
000905,XSHE,厦门港务
000906,XSHE,物产中拓
000908,XSHE,景峰医药
000909,XSHE,数源科技
000910,XSHE,大亚科技
000911,XSHE,南宁糖业
000912,XSHE,*ST天化
000913,XSHE,钱江摩托
000915,XSHE,山大华特
000916,XSHE,华北高速
000917,XSHE,电广传媒
000918,XSHE,嘉凯城
000919,XSHE,金陵药业
000920,XSHE,南方汇通
000921,XSHE,海信科龙
000922,XSHE,佳电股份
000923,XSHE,河北宣工
000925,XSHE,众合科技
000926,XSHE,福星股份
000927,XSHE,*ST夏利
000928,XSHE,中钢国际
000929,XSHE,兰州黄河
000930,XSHE,中粮生化
000931,XSHE,中 关 村
000932,XSHE,华菱钢铁
000933,XSHE,神火股份
000935,XSHE,四川双马
000936,XSHE,华西股份
000937,XSHE,冀中能源
000938,XSHE,紫光股份
000939,XSHE,凯迪生态
000948,XSHE,南天信息
000949,XSHE,新乡化纤
000950,XSHE,建峰化工
000951,XSHE,中国重汽
000952,XSHE,广济药业
000953,XSHE,河池化工
000955,XSHE,欣龙控股
000957,XSHE,中通客车
000958,XSHE,东方能源
000959,XSHE,首钢股份
000960,XSHE,锡业股份
000961,XSHE,中南建设
000962,XSHE,东方钽业
000963,XSHE,华东医药
000965,XSHE,天保基建
000966,XSHE,长源电力
000967,XSHE,上风高科
000968,XSHE,煤 气 化
000969,XSHE,安泰科技
000970,XSHE,中科三环
000971,XSHE,高升控股
000972,XSHE,新中基
000973,XSHE,佛塑科技
000975,XSHE,银泰资源
000976,XSHE,*ST春晖
000977,XSHE,浪潮信息
000978,XSHE,桂林旅游
000979,XSHE,中弘股份
000980,XSHE,金马股份
000981,XSHE,银亿股份
000982,XSHE,中银绒业
000983,XSHE,西山煤电
000985,XSHE,大庆华科
000987,XSHE,广州友谊
000988,XSHE,华工科技
000989,XSHE,九 芝 堂
000990,XSHE,诚志股份
000993,XSHE,闽东电力
000995,XSHE,*ST皇台
000996,XSHE,中国中期
000997,XSHE,新 大 陆
000998,XSHE,隆平高科
000999,XSHE,华润三九
002001,XSHE,新 和 成
002002,XSHE,鸿达兴业
002003,XSHE,伟星股份
002004,XSHE,华邦健康
002005,XSHE,德豪润达
002006,XSHE,精功科技
002007,XSHE,华兰生物
002008,XSHE,大族激光
002009,XSHE,天奇股份
002010,XSHE,传化股份
002011,XSHE,盾安环境
002012,XSHE,凯恩股份
002013,XSHE,中航机电
002014,XSHE,永新股份
002015,XSHE,*ST霞客
002016,XSHE,世荣兆业
002017,XSHE,东信和平
002018,XSHE,华信国际
002019,XSHE,亿帆鑫富
002020,XSHE,京新药业
002021,XSHE,中捷资源
002022,XSHE,科华生物
002023,XSHE,海特高新
002024,XSHE,苏宁云商
002025,XSHE,航天电器
002026,XSHE,山东威达
002027,XSHE,七喜控股
002028,XSHE,思源电气
002029,XSHE,七 匹 狼
002030,XSHE,达安基因
002031,XSHE,巨轮智能
002032,XSHE,苏 泊 尔
002033,XSHE,丽江旅游
002034,XSHE,美 欣 达
002035,XSHE,华帝股份
002036,XSHE,汉麻产业
002037,XSHE,久联发展
002038,XSHE,双鹭药业
002039,XSHE,黔源电力
002040,XSHE,南 京 港
002041,XSHE,登海种业
002042,XSHE,华孚色纺
002043,XSHE,兔 宝 宝
002044,XSHE,江苏三友
002045,XSHE,国光电器
002046,XSHE,轴研科技
002047,XSHE,宝鹰股份
002048,XSHE,宁波华翔
002049,XSHE,同方国芯
002050,XSHE,三花股份
002051,XSHE,中工国际
002052,XSHE,同洲电子
002053,XSHE,云南盐化
002054,XSHE,德美化工
002055,XSHE,得润电子
002056,XSHE,横店东磁
002057,XSHE,中钢天源
002058,XSHE,威 尔 泰
002059,XSHE,云南旅游
002060,XSHE,粤 水 电
002061,XSHE,江山化工
002062,XSHE,宏润建设
002063,XSHE,远光软件
002064,XSHE,华峰氨纶
002065,XSHE,东华软件
002066,XSHE,瑞泰科技
002067,XSHE,景兴纸业
002068,XSHE,黑猫股份
002069,XSHE,獐 子 岛
002070,XSHE,众和股份
002071,XSHE,长城影视
002072,XSHE,凯瑞德
002073,XSHE,软控股份
002074,XSHE,国轩高科
002075,XSHE,沙钢股份
002076,XSHE,雪 莱 特
002077,XSHE,大港股份
002078,XSHE,太阳纸业
002079,XSHE,苏州固锝
002080,XSHE,中材科技
002081,XSHE,金 螳 螂
002082,XSHE,栋梁新材
002083,XSHE,孚日股份
002084,XSHE,海鸥卫浴
002085,XSHE,万丰奥威
002086,XSHE,东方海洋
002087,XSHE,新野纺织
002088,XSHE,鲁阳节能
002089,XSHE,新 海 宜
002090,XSHE,金智科技
002091,XSHE,江苏国泰
002092,XSHE,中泰化学
002093,XSHE,国脉科技
002094,XSHE,青岛金王
002095,XSHE,生 意 宝
002096,XSHE,南岭民爆
002097,XSHE,山河智能
002098,XSHE,浔兴股份
002099,XSHE,海翔药业
002100,XSHE,天康生物
002101,XSHE,广东鸿图
002102,XSHE,冠福股份
002103,XSHE,广博股份
002104,XSHE,恒宝股份
002105,XSHE,信隆实业
002106,XSHE,莱宝高科
002107,XSHE,沃华医药
002108,XSHE,沧州明珠
002109,XSHE,兴化股份
002110,XSHE,三钢闽光
002111,XSHE,威海广泰
002112,XSHE,三变科技
002113,XSHE,天润控股
002114,XSHE,罗平锌电
002115,XSHE,三维通信
002116,XSHE,中国海诚
002117,XSHE,东港股份
002118,XSHE,紫鑫药业
002119,XSHE,康强电子
002120,XSHE,新海股份
002121,XSHE,科陆电子
002122,XSHE,天马股份
002123,XSHE,荣信股份
002124,XSHE,天邦股份
002125,XSHE,湘潭电化
002126,XSHE,银轮股份
002127,XSHE,新民科技
002128,XSHE,露天煤业
002129,XSHE,中环股份
002130,XSHE,沃尔核材
002131,XSHE,利欧股份
002132,XSHE,恒星科技
002133,XSHE,广宇集团
002134,XSHE,天津普林
002135,XSHE,东南网架
002136,XSHE,安 纳 达
002137,XSHE,麦达数字
002138,XSHE,顺络电子
002139,XSHE,拓邦股份
002140,XSHE,东华科技
002141,XSHE,蓉胜超微
002142,XSHE,宁波银行
002143,XSHE,印纪传媒
002144,XSHE,宏达高科
002145,XSHE,中核钛白
002146,XSHE,荣盛发展
002147,XSHE,方圆支承
002148,XSHE,北纬通信
002149,XSHE,西部材料
002150,XSHE,通润装备
002151,XSHE,北斗星通
002152,XSHE,广电运通
002153,XSHE,石基信息
002154,XSHE,报 喜 鸟
002155,XSHE,湖南黄金
002156,XSHE,通富微电
002157,XSHE,正邦科技
002158,XSHE,汉钟精机
002159,XSHE,三特索道
002160,XSHE,常铝股份
002161,XSHE,远 望 谷
002162,XSHE,悦心健康
002163,XSHE,中航三鑫
002164,XSHE,宁波东力
002165,XSHE,红 宝 丽
002166,XSHE,莱茵生物
002167,XSHE,东方锆业
002168,XSHE,深圳惠程
002169,XSHE,智光电气
002170,XSHE,芭田股份
002171,XSHE,楚江新材
002172,XSHE,澳洋科技
002173,XSHE,千足珍珠
002174,XSHE,游族网络
002175,XSHE,东方网络
002176,XSHE,江特电机
002177,XSHE,御银股份
002178,XSHE,延华智能
002179,XSHE,中航光电
002180,XSHE,艾派克
002181,XSHE,粤 传 媒
002182,XSHE,云海金属
002183,XSHE,怡 亚 通
002184,XSHE,海得控制
002185,XSHE,华天科技
002186,XSHE,全 聚 德
002187,XSHE,广百股份
002188,XSHE,新 嘉 联
002189,XSHE,利达光电
002190,XSHE,成飞集成
002191,XSHE,劲嘉股份
002192,XSHE,*ST融捷
002193,XSHE,山东如意
002194,XSHE,武汉凡谷
002195,XSHE,二三四五
002196,XSHE,方正电机
002197,XSHE,证通电子
002198,XSHE,嘉应制药
002199,XSHE,东晶电子
002200,XSHE,云投生态
002201,XSHE,九鼎新材
002202,XSHE,金风科技
002203,XSHE,海亮股份
002204,XSHE,大连重工
002205,XSHE,国统股份
002206,XSHE,海 利 得
002207,XSHE,准油股份
002208,XSHE,合肥城建
002209,XSHE,达 意 隆
002210,XSHE,飞马国际
002211,XSHE,宏达新材
002212,XSHE,南洋股份
002213,XSHE,特 尔 佳
002214,XSHE,大立科技
002215,XSHE,诺 普 信
002216,XSHE,三全食品
002217,XSHE,合力泰
002218,XSHE,拓日新能
002219,XSHE,恒康医疗
002220,XSHE,天宝股份
002221,XSHE,东华能源
002222,XSHE,福晶科技
002223,XSHE,鱼跃医疗
002224,XSHE,三 力 士
002225,XSHE,濮耐股份
002226,XSHE,江南化工
002227,XSHE,奥 特 迅
002228,XSHE,合兴包装
002229,XSHE,鸿博股份
002230,XSHE,科大讯飞
002231,XSHE,奥维通信
002232,XSHE,启明信息
002233,XSHE,塔牌集团
002234,XSHE,民和股份
002235,XSHE,安妮股份
002236,XSHE,大华股份
002237,XSHE,恒邦股份
002238,XSHE,天威视讯
002239,XSHE,奥特佳
002240,XSHE,威华股份
002241,XSHE,歌尔声学
002242,XSHE,九阳股份
002243,XSHE,通产丽星
002244,XSHE,滨江集团
002245,XSHE,澳洋顺昌
002246,XSHE,北化股份
002247,XSHE,帝龙新材
002248,XSHE,华东数控
002249,XSHE,大洋电机
002250,XSHE,联化科技
002251,XSHE,步 步 高
002252,XSHE,上海莱士
002253,XSHE,川大智胜
002254,XSHE,泰和新材
002255,XSHE,海陆重工
002256,XSHE,彩虹精化
002258,XSHE,利尔化学
002259,XSHE,升达林业
002260,XSHE,德奥通航
002261,XSHE,拓维信息
002262,XSHE,恩华药业
002263,XSHE,大 东 南
002264,XSHE,新 华 都
002265,XSHE,西仪股份
002266,XSHE,浙富控股
002267,XSHE,陕天然气
002268,XSHE,卫 士 通
002269,XSHE,美邦服饰
002270,XSHE,法因数控
002271,XSHE,东方雨虹
002272,XSHE,川润股份
002273,XSHE,水晶光电
002274,XSHE,华昌化工
002275,XSHE,桂林三金
002276,XSHE,万马股份
002277,XSHE,友阿股份
002278,XSHE,神开股份
002279,XSHE,久其软件
002280,XSHE,联络互动
002281,XSHE,光迅科技
002282,XSHE,博深工具
002283,XSHE,天润曲轴
002284,XSHE,亚太股份
002285,XSHE,世联行
002286,XSHE,保龄宝
002287,XSHE,奇正藏药
002288,XSHE,超华科技
002289,XSHE,宇顺电子
002290,XSHE,禾盛新材
002291,XSHE,星期六
002292,XSHE,奥飞动漫
002293,XSHE,罗莱生活
002294,XSHE,信立泰
002295,XSHE,精艺股份
002296,XSHE,辉煌科技
002297,XSHE,博云新材
002298,XSHE,中电鑫龙
002299,XSHE,圣农发展
002300,XSHE,太阳电缆
002301,XSHE,齐心集团
002302,XSHE,西部建设
002303,XSHE,美盈森
002304,XSHE,洋河股份
002305,XSHE,南国置业
002306,XSHE,*ST云网
002307,XSHE,北新路桥
002308,XSHE,威创股份
002309,XSHE,中利科技
002310,XSHE,东方园林
002311,XSHE,海大集团
002312,XSHE,三泰控股
002313,XSHE,日海通讯
002314,XSHE,南山控股
002315,XSHE,焦点科技
002316,XSHE,键桥通讯
002317,XSHE,众生药业
002318,XSHE,久立特材
002319,XSHE,乐通股份
002320,XSHE,海峡股份
002321,XSHE,华英农业
002322,XSHE,理工监测
002323,XSHE,雅百特
002324,XSHE,普利特
002325,XSHE,洪涛股份
002326,XSHE,永太科技
002327,XSHE,富安娜
002328,XSHE,新朋股份
002329,XSHE,皇氏集团
002330,XSHE,得利斯
002331,XSHE,皖通科技
002332,XSHE,仙琚制药
002333,XSHE,罗普斯金
002334,XSHE,英威腾
002335,XSHE,科华恒盛
002336,XSHE,人人乐
002337,XSHE,赛象科技
002338,XSHE,奥普光电
002339,XSHE,积成电子
002340,XSHE,格林美
002341,XSHE,新纶科技
002342,XSHE,巨力索具
002343,XSHE,禾欣股份
002344,XSHE,海宁皮城
002345,XSHE,潮宏基
002346,XSHE,柘中股份
002347,XSHE,泰尔重工
002348,XSHE,高乐股份
002349,XSHE,精华制药
002350,XSHE,北京科锐
002351,XSHE,漫步者
002352,XSHE,鼎泰新材
002353,XSHE,杰瑞股份
002354,XSHE,天神娱乐
002355,XSHE,兴民钢圈
002356,XSHE,浩宁达
002357,XSHE,富临运业
002358,XSHE,森源电气
002359,XSHE,齐星铁塔
002360,XSHE,同德化工
002361,XSHE,神剑股份
002362,XSHE,汉王科技
002363,XSHE,隆基机械
002364,XSHE,中恒电气
002365,XSHE,永安药业
002366,XSHE,台海核电
002367,XSHE,康力电梯
002368,XSHE,太极股份
002369,XSHE,卓翼科技
002370,XSHE,亚太药业
002371,XSHE,七星电子
002372,XSHE,伟星新材
002373,XSHE,千方科技
002374,XSHE,丽鹏股份
002375,XSHE,亚厦股份
002376,XSHE,新北洋
002377,XSHE,国创高新
002378,XSHE,章源钨业
002379,XSHE,鲁丰环保
002380,XSHE,科远股份
002381,XSHE,双箭股份
002382,XSHE,蓝帆医疗
002383,XSHE,合众思壮
002384,XSHE,东山精密
002385,XSHE,大北农
002386,XSHE,天原集团
002387,XSHE,黑牛食品
002388,XSHE,新亚制程
002389,XSHE,南洋科技
002390,XSHE,信邦制药
002391,XSHE,长青股份
002392,XSHE,北京利尔
002393,XSHE,力生制药
002394,XSHE,联发股份
002395,XSHE,双象股份
002396,XSHE,星网锐捷
002397,XSHE,梦洁家纺
002398,XSHE,建研集团
002399,XSHE,海普瑞
002400,XSHE,省广股份
002401,XSHE,中海科技
002402,XSHE,和而泰
002403,XSHE,爱仕达
002404,XSHE,嘉欣丝绸
002405,XSHE,四维图新
002406,XSHE,远东传动
002407,XSHE,多氟多
002408,XSHE,齐翔腾达
002409,XSHE,雅克科技
002410,XSHE,广联达
002411,XSHE,九九久
002412,XSHE,汉森制药
002413,XSHE,雷科防务
002414,XSHE,高德红外
002415,XSHE,海康威视
002416,XSHE,爱施德
002417,XSHE,*ST元达
002418,XSHE,康盛股份
002419,XSHE,天虹商场
002420,XSHE,毅昌股份
002421,XSHE,达实智能
002422,XSHE,科伦药业
002423,XSHE,中原特钢
002424,XSHE,贵州百灵
002425,XSHE,凯撒股份
002426,XSHE,胜利精密
002427,XSHE,尤夫股份
002428,XSHE,云南锗业
002429,XSHE,兆驰股份
002430,XSHE,杭氧股份
002431,XSHE,棕榈园林
002432,XSHE,九安医疗
002433,XSHE,太安堂
002434,XSHE,万里扬
002435,XSHE,长江润发
002436,XSHE,兴森科技
002437,XSHE,誉衡药业
002438,XSHE,江苏神通
002439,XSHE,启明星辰
002440,XSHE,闰土股份
002441,XSHE,众业达
002442,XSHE,龙星化工
002443,XSHE,金洲管道
002444,XSHE,巨星科技
002445,XSHE,中南重工
002446,XSHE,盛路通信
002447,XSHE,壹桥海参
002448,XSHE,中原内配
002449,XSHE,国星光电
002450,XSHE,康得新
002451,XSHE,摩恩电气
002452,XSHE,长高集团
002453,XSHE,天马精化
002454,XSHE,松芝股份
002455,XSHE,百川股份
002456,XSHE,欧菲光
002457,XSHE,青龙管业
002458,XSHE,益生股份
002459,XSHE,天业通联
002460,XSHE,赣锋锂业
002461,XSHE,珠江啤酒
002462,XSHE,嘉事堂
002463,XSHE,沪电股份
002464,XSHE,金利科技
002465,XSHE,海格通信
002466,XSHE,天齐锂业
002467,XSHE,二六三
002468,XSHE,艾迪西
002469,XSHE,三维工程
002470,XSHE,金正大
002471,XSHE,中超控股
002472,XSHE,双环传动
002473,XSHE,圣莱达
002474,XSHE,榕基软件
002475,XSHE,立讯精密
002476,XSHE,宝莫股份
002477,XSHE,雏鹰农牧
002478,XSHE,常宝股份
002479,XSHE,富春环保
002480,XSHE,新筑股份
002481,XSHE,双塔食品
002482,XSHE,广田股份
002483,XSHE,润邦股份
002484,XSHE,江海股份
002485,XSHE,希努尔
002486,XSHE,嘉麟杰
002487,XSHE,大金重工
002488,XSHE,金固股份
002489,XSHE,浙江永强
002490,XSHE,山东墨龙
002491,XSHE,通鼎互联
002492,XSHE,恒基达鑫
002493,XSHE,荣盛石化
002494,XSHE,华斯股份
002495,XSHE,佳隆股份
002496,XSHE,辉丰股份
002497,XSHE,雅化集团
002498,XSHE,汉缆股份
002499,XSHE,科林环保
002500,XSHE,山西证券
002501,XSHE,利源精制
002502,XSHE,骅威股份
002503,XSHE,搜于特
002504,XSHE,弘高创意
002505,XSHE,大康牧业
002506,XSHE,协鑫集成
002507,XSHE,涪陵榨菜
002508,XSHE,老板电器
002509,XSHE,天广消防
002510,XSHE,天汽模
002511,XSHE,中顺洁柔
002512,XSHE,达华智能
002513,XSHE,蓝丰生化
002514,XSHE,宝馨科技
002515,XSHE,金字火腿
002516,XSHE,旷达科技
002517,XSHE,泰亚股份
002518,XSHE,科士达
002519,XSHE,银河电子
002520,XSHE,日发精机
002521,XSHE,齐峰新材
002522,XSHE,浙江众成
002523,XSHE,天桥起重
002524,XSHE,光正集团
002526,XSHE,山东矿机
002527,XSHE,新时达
002528,XSHE,英飞拓
002529,XSHE,海源机械
002530,XSHE,丰东股份
002531,XSHE,天顺风能
002532,XSHE,新界泵业
002533,XSHE,金杯电工
002534,XSHE,杭锅股份
002535,XSHE,林州重机
002536,XSHE,西泵股份
002537,XSHE,海立美达
002538,XSHE,司尔特
002539,XSHE,新都化工
002540,XSHE,亚太科技
002541,XSHE,鸿路钢构
002542,XSHE,中化岩土
002543,XSHE,万和电气
002544,XSHE,杰赛科技
002545,XSHE,东方铁塔
002546,XSHE,新联电子
002547,XSHE,春兴精工
002548,XSHE,金新农
002549,XSHE,凯美特气
002550,XSHE,千红制药
002551,XSHE,尚荣医疗
002552,XSHE,宝鼎重工
002553,XSHE,南方轴承
002554,XSHE,惠博普
002555,XSHE,顺荣三七
002556,XSHE,辉隆股份
002557,XSHE,洽洽食品
002558,XSHE,世纪游轮
002559,XSHE,亚威股份
002560,XSHE,通达股份
002561,XSHE,徐家汇
002562,XSHE,兄弟科技
002563,XSHE,森马服饰
002564,XSHE,天沃科技
002565,XSHE,上海绿新
002566,XSHE,益盛药业
002567,XSHE,唐人神
002568,XSHE,百润股份
002569,XSHE,步森股份
002570,XSHE,贝因美
002571,XSHE,德力股份
002572,XSHE,索菲亚
002573,XSHE,清新环境
002574,XSHE,明牌珠宝
002575,XSHE,群兴玩具
002576,XSHE,通达动力
002577,XSHE,雷柏科技
002578,XSHE,闽发铝业
002579,XSHE,中京电子
002580,XSHE,圣阳股份
002581,XSHE,未名医药
002582,XSHE,好想你
002583,XSHE,海能达
002584,XSHE,西陇科学
002585,XSHE,双星新材
002586,XSHE,围海股份
002587,XSHE,奥拓电子
002588,XSHE,史丹利
002589,XSHE,瑞康医药
002590,XSHE,万安科技
002591,XSHE,恒大高新
002592,XSHE,八菱科技
002593,XSHE,日上集团
002594,XSHE,比亚迪
002595,XSHE,豪迈科技
002596,XSHE,海南瑞泽
002597,XSHE,金禾实业
002598,XSHE,山东章鼓
002599,XSHE,盛通股份
002600,XSHE,江粉磁材
002601,XSHE,佰利联
002602,XSHE,世纪华通
002603,XSHE,以岭药业
002604,XSHE,龙力生物
002605,XSHE,姚记扑克
002606,XSHE,大连电瓷
002607,XSHE,亚夏汽车
002608,XSHE,*ST舜船
002609,XSHE,捷顺科技
002610,XSHE,爱康科技
002611,XSHE,东方精工
002612,XSHE,朗姿股份
002613,XSHE,北玻股份
002614,XSHE,蒙发利
002615,XSHE,哈尔斯
002616,XSHE,长青集团
002617,XSHE,露笑科技
002618,XSHE,丹邦科技
002619,XSHE,巨龙管业
002620,XSHE,瑞和股份
002621,XSHE,三垒股份
002622,XSHE,永大集团
002623,XSHE,亚玛顿
002624,XSHE,完美环球
002625,XSHE,龙生股份
002626,XSHE,金达威
002627,XSHE,宜昌交运
002628,XSHE,成都路桥
002629,XSHE,仁智油服
002630,XSHE,华西能源
002631,XSHE,德尔未来
002632,XSHE,道明光学
002633,XSHE,*ST申科
002634,XSHE,棒杰股份
002635,XSHE,安洁科技
002636,XSHE,金安国纪
002637,XSHE,赞宇科技
002638,XSHE,勤上光电
002639,XSHE,雪人股份
002640,XSHE,跨境通
002641,XSHE,永高股份
002642,XSHE,荣之联
002643,XSHE,万润股份
002644,XSHE,佛慈制药
002645,XSHE,华宏科技
002646,XSHE,青青稞酒
002647,XSHE,宏磊股份
002648,XSHE,卫星石化
002649,XSHE,博彦科技
002650,XSHE,加加食品
002651,XSHE,利君股份
002652,XSHE,扬子新材
002653,XSHE,海思科
002654,XSHE,万润科技
002655,XSHE,共达电声
002656,XSHE,卡奴迪路
002657,XSHE,中科金财
002658,XSHE,雪迪龙
002659,XSHE,中泰桥梁
002660,XSHE,茂硕电源
002661,XSHE,克明面业
002662,XSHE,京威股份
002663,XSHE,普邦园林
002664,XSHE,信质电机
002665,XSHE,首航节能
002666,XSHE,德联集团
002667,XSHE,鞍重股份
002668,XSHE,奥马电器
002669,XSHE,康达新材
002670,XSHE,华声股份
002671,XSHE,龙泉股份
002672,XSHE,东江环保
002673,XSHE,西部证券
002674,XSHE,兴业科技
002675,XSHE,东诚药业
002676,XSHE,顺威股份
002677,XSHE,浙江美大
002678,XSHE,珠江钢琴
002679,XSHE,福建金森
002680,XSHE,黄海机械
002681,XSHE,奋达科技
002682,XSHE,龙洲股份
002683,XSHE,宏大爆破
002684,XSHE,猛狮科技
002685,XSHE,华东重机
002686,XSHE,亿利达
002687,XSHE,乔治白
002688,XSHE,金河生物
002689,XSHE,远大智能
002690,XSHE,美亚光电
002691,XSHE,冀凯股份
002692,XSHE,远程电缆
002693,XSHE,双成药业
002694,XSHE,顾地科技
002695,XSHE,煌上煌
002696,XSHE,百洋股份
002697,XSHE,红旗连锁
002698,XSHE,博实股份
002699,XSHE,美盛文化
002700,XSHE,新疆浩源
002701,XSHE,奥瑞金
002702,XSHE,海欣食品
002703,XSHE,浙江世宝
002705,XSHE,新宝股份
002706,XSHE,良信电器
002707,XSHE,众信旅游
002708,XSHE,光洋股份
002709,XSHE,天赐材料
002711,XSHE,欧浦智网
002712,XSHE,思美传媒
002713,XSHE,东易日盛
002714,XSHE,牧原股份
002715,XSHE,登云股份
002716,XSHE,金贵银业
002717,XSHE,岭南园林
002718,XSHE,友邦吊顶
002719,XSHE,麦趣尔
002721,XSHE,金一文化
002722,XSHE,金轮股份
002723,XSHE,金莱特
002724,XSHE,海洋王
002725,XSHE,跃岭股份
002726,XSHE,龙大肉食
002727,XSHE,一心堂
002728,XSHE,台城制药
002729,XSHE,好利来
002730,XSHE,电光科技
002731,XSHE,萃华珠宝
002732,XSHE,燕塘乳业
002733,XSHE,雄韬股份
002734,XSHE,利民股份
002735,XSHE,王子新材
002736,XSHE,国信证券
002737,XSHE,葵花药业
002738,XSHE,中矿资源
002739,XSHE,万达院线
002740,XSHE,爱迪尔
002741,XSHE,光华科技
002742,XSHE,三圣特材
002743,XSHE,富煌钢构
002745,XSHE,木林森
002746,XSHE,仙坛股份
002747,XSHE,埃斯顿
002748,XSHE,世龙实业
002749,XSHE,国光股份
002750,XSHE,龙津药业
002751,XSHE,易尚展示
002752,XSHE,昇兴股份
002753,XSHE,永东股份
002755,XSHE,东方新星
002756,XSHE,永兴特钢
002757,XSHE,南兴装备
002758,XSHE,华通医药
002759,XSHE,天际股份
002760,XSHE,凤形股份
002761,XSHE,多喜爱
002762,XSHE,金发拉比
002763,XSHE,汇洁股份
002765,XSHE,蓝黛传动
002766,XSHE,索菱股份
002767,XSHE,先锋电子
002768,XSHE,国恩股份
002769,XSHE,普路通
002770,XSHE,科迪乳业
002771,XSHE,真视通
002772,XSHE,众兴菌业
002773,XSHE,康弘药业
002775,XSHE,文科园林
002776,XSHE,柏堡龙
002779,XSHE,中坚科技
002780,XSHE,三夫户外
002783,XSHE,凯龙股份
150008,XSHE,瑞和小康
150009,XSHE,瑞和远见
150013,XSHE,中证100B
150017,XSHE,合润B
150018,XSHE,银华稳进
150019,XSHE,银华锐进
150021,XSHE,汇利B
150023,XSHE,深成指B
150027,XSHE,
150028,XSHE,中证500A
150029,XSHE,中证500B
150030,XSHE,中证90A
150031,XSHE,中证90B
150032,XSHE,多利优先
150033,XSHE,多利进取
150034,XSHE,聚利A
150035,XSHE,聚利B
150036,XSHE,建信稳健
150037,XSHE,建信进取
150039,XSHE,鼎利A
150040,XSHE,鼎利B
150042,XSHE,利鑫B
150047,XSHE,消费A
150048,XSHE,消费B
150049,XSHE,消费收益
150050,XSHE,消费进取
150051,XSHE,沪深300A
150052,XSHE,沪深300B
150053,XSHE,泰达500A
150054,XSHE,泰达500B
150055,XSHE,500A
150056,XSHE,500B
150057,XSHE,中小300A
150058,XSHE,中小300B
150059,XSHE,资源A级
150060,XSHE,资源B级
150064,XSHE,同瑞A
150065,XSHE,同瑞B
150066,XSHE,互利A
150067,XSHE,互利B
150073,XSHE,诺安稳健
150075,XSHE,诺安进取
150076,XSHE,浙商稳健
150077,XSHE,浙商进取
150083,XSHE,深证100A
150084,XSHE,深证100B
150085,XSHE,中小板A
150086,XSHE,中小板B
150088,XSHE,金鹰500A
150089,XSHE,金鹰500B
150090,XSHE,成长A
150091,XSHE,成长B
150092,XSHE,诺德300A
150093,XSHE,诺德300B
150094,XSHE,泰信400A
150095,XSHE,泰信400B
150096,XSHE,商品A
150097,XSHE,商品B
150100,XSHE,资源A
150101,XSHE,资源B
150102,XSHE,利众B
150104,XSHE,HS300A
150105,XSHE,HS300B
150106,XSHE,中小A
150107,XSHE,中小B
150108,XSHE,同辉100A
150109,XSHE,同辉100B
150112,XSHE,深100A
150113,XSHE,深100B
150114,XSHE,惠裕B
150117,XSHE,房地产A
150118,XSHE,房地产B
150120,XSHE,鼎利进取
150121,XSHE,银河优先
150122,XSHE,银河进取
150123,XSHE,建信50A
150124,XSHE,建信50B
150128,XSHE,工银增B
150129,XSHE,丰利债B
150130,XSHE,医药A
150131,XSHE,医药B
150133,XSHE,德信A
150134,XSHE,德信B
150135,XSHE,国富100A
150136,XSHE,国富100B
150138,XSHE,中证800A
150139,XSHE,中证800B
150140,XSHE,国金300A
150141,XSHE,国金300B
150142,XSHE,互利债B
150143,XSHE,转债A级
150144,XSHE,转债B级
150145,XSHE,高贝塔A
150146,XSHE,高贝塔B
150147,XSHE,同利B
150148,XSHE,医药800A
150149,XSHE,医药800B
150150,XSHE,有色800A
150151,XSHE,有色800B
150152,XSHE,创业板A
150153,XSHE,创业板B
150154,XSHE,惠丰B
150156,XSHE,中银互B
150157,XSHE,金融A
150158,XSHE,金融B
150160,XSHE,通福B
150161,XSHE,惠鑫B
150164,XSHE,可转债A
150165,XSHE,可转债B
150167,XSHE,银华300A
150168,XSHE,银华300B
150169,XSHE,恒生A
150170,XSHE,恒生B
150171,XSHE,证券A
150172,XSHE,证券B
150173,XSHE,TMT中证A
150174,XSHE,TMT中证B
150175,XSHE,H股A
150176,XSHE,H股B
150177,XSHE,证保A
150178,XSHE,证保B
150179,XSHE,信息A
150180,XSHE,信息B
150181,XSHE,军工A
150182,XSHE,军工B
150184,XSHE,环保A
150185,XSHE,环保B
150186,XSHE,军工A级
150187,XSHE,军工B级
150188,XSHE,转债优先
150189,XSHE,转债进取
150190,XSHE,NCF环保A
150191,XSHE,NCF环保B
150192,XSHE,地产A
150193,XSHE,地产B
150194,XSHE,互联网A
150195,XSHE,互联网B
150196,XSHE,有色A
150197,XSHE,有色B
150198,XSHE,食品A
150199,XSHE,食品B
150200,XSHE,券商A
150201,XSHE,券商B
150203,XSHE,传媒A
150204,XSHE,传媒B
150205,XSHE,国防A
150206,XSHE,国防B
150207,XSHE,地产A端
150208,XSHE,地产B端
150209,XSHE,国企改A
150210,XSHE,国企改B
150211,XSHE,新能车A
150212,XSHE,新能车B
150213,XSHE,成长A级
150214,XSHE,成长B级
150215,XSHE,TMTA
150216,XSHE,TMTB
150217,XSHE,新能源A
150218,XSHE,新能源B
150219,XSHE,健康A
150220,XSHE,健康B
150221,XSHE,中航军A
150222,XSHE,中航军B
150223,XSHE,证券A级
150224,XSHE,证券B级
150225,XSHE,证保A级
150226,XSHE,证保B级
150227,XSHE,银行A
150228,XSHE,银行B
150229,XSHE,酒A
150230,XSHE,酒B
150231,XSHE,电子A
150232,XSHE,电子B
150233,XSHE,传媒业A
150234,XSHE,传媒业B
150235,XSHE,券商A级
150236,XSHE,券商B级
150237,XSHE,环保A级
150238,XSHE,环保B级
150241,XSHE,银行A级
150242,XSHE,银行B级
150243,XSHE,创业A
150244,XSHE,创业B
150245,XSHE,互联A
150246,XSHE,互联B
150247,XSHE,传媒A级
150248,XSHE,传媒B级
150249,XSHE,银行A端
150250,XSHE,银行B端
150251,XSHE,煤炭A
150252,XSHE,煤炭B
150255,XSHE,银行业A
150256,XSHE,银行业B
150257,XSHE,生物A
150258,XSHE,生物B
150259,XSHE,重组A
150260,XSHE,重组B
150261,XSHE,医疗A
150262,XSHE,医疗B
150263,XSHE,1000A
150264,XSHE,1000B
150265,XSHE,一带A
150266,XSHE,一带B
150267,XSHE,银行A类
150268,XSHE,银行B类
150269,XSHE,白酒A
150270,XSHE,白酒B
150271,XSHE,生物药A
150272,XSHE,生物药B
150273,XSHE,带路A
150274,XSHE,带路B
150275,XSHE,一带一A
150276,XSHE,一带一B
150277,XSHE,高铁A
150278,XSHE,高铁B
150279,XSHE,新能A
150280,XSHE,新能B
150281,XSHE,金融地A
150282,XSHE,金融地B
150283,XSHE,SW医药A
150284,XSHE,SW医药B
150287,XSHE,钢铁A
150288,XSHE,钢铁B
150289,XSHE,煤炭A级
150290,XSHE,煤炭B级
150291,XSHE,银行A份
150292,XSHE,银行B份
150293,XSHE,高铁A级
150294,XSHE,高铁B级
150295,XSHE,改革A
150296,XSHE,改革B
150297,XSHE,互联A级
150298,XSHE,互联B级
150299,XSHE,银行股A
150300,XSHE,银行股B
150301,XSHE,证券股A
150302,XSHE,证券股B
150303,XSHE,创业股A
150304,XSHE,创业股B
150305,XSHE,养老A
150306,XSHE,养老B
150307,XSHE,体育A
150308,XSHE,体育B
150309,XSHE,信息安A
150310,XSHE,信息安B
150311,XSHE,智能A
150312,XSHE,智能B
150315,XSHE,工业4A
150316,XSHE,工业4B
150317,XSHE,E金融A
150318,XSHE,E金融B
150321,XSHE,煤炭A基
150322,XSHE,煤炭B基
150323,XSHE,环保A端
150324,XSHE,环保B端
150325,XSHE,高铁A端
150326,XSHE,高铁B端
150327,XSHE,新能A级
150328,XSHE,新能B级
150329,XSHE,保险A
150330,XSHE,保险B
150331,XSHE,网金融A
150332,XSHE,网金融B
150335,XSHE,军工股A
150336,XSHE,军工股B
150343,XSHE,证券A基
150344,XSHE,证券B基
160105,XSHE,南方积配
160106,XSHE,南方高增
160119,XSHE,南方500
160123,XSHE,南方50债
160125,XSHE,南方香港
160127,XSHE,南方消费
160128,XSHE,南方金利
160130,XSHE,南方永利
160131,XSHE,南方聚利
160133,XSHE,南方天元
160135,XSHE,高铁基金
160136,XSHE,改革基金
160137,XSHE,互联基金
160211,XSHE,国泰小盘
160212,XSHE,国泰估值
160215,XSHE,国泰价值
160216,XSHE,国泰商品
160217,XSHE,国泰互利
160218,XSHE,国泰地产
160219,XSHE,国泰医药
160220,XSHE,国泰民益
160221,XSHE,国泰有色
160222,XSHE,国泰食品
160224,XSHE,国泰TMT
160225,XSHE,新汽车
160311,XSHE,华夏蓝筹
160314,XSHE,华夏行业
160415,XSHE,华安S300
160416,XSHE,华安石油
160417,XSHE,华安300
160418,XSHE,银行股基
160419,XSHE,证券股基
160420,XSHE,创业50
160505,XSHE,博时主题
160512,XSHE,博时卓越
160513,XSHE,稳健债A
160515,XSHE,安丰18
160516,XSHE,博时证保
160517,XSHE,博时银行
160603,XSHE,鹏华收益
160605,XSHE,鹏华５０
160607,XSHE,鹏华价值
160610,XSHE,鹏华动力
160611,XSHE,鹏华治理
160613,XSHE,鹏华创新
160615,XSHE,鹏华300
160616,XSHE,鹏华500
160617,XSHE,鹏华丰润
160618,XSHE,鹏华丰泽
160620,XSHE,资源分级
160621,XSHE,鹏华丰和
160624,XSHE,鹏华领先
160625,XSHE,证保分级
160626,XSHE,信息分级
160627,XSHE,鹏华策略
160628,XSHE,房地产
160629,XSHE,传媒分级
160630,XSHE,国防分级
160631,XSHE,银行指基
160632,XSHE,酒分级
160633,XSHE,券商指基
160634,XSHE,环保分级
160635,XSHE,医药分级
160636,XSHE,互联网
160637,XSHE,创业指基
160638,XSHE,带路分级
160639,XSHE,高铁分级
160640,XSHE,新能源
160706,XSHE,嘉实 300
160716,XSHE,嘉实50
160717,XSHE,恒生H股
160718,XSHE,嘉实多利
160719,XSHE,嘉实黄金
160720,XSHE,中期企债
160805,XSHE,长盛同智
160806,XSHE,长盛同庆
160807,XSHE,长盛300
160808,XSHE,长盛同瑞
160809,XSHE,长盛同辉
160810,XSHE,长盛同丰
160812,XSHE,长盛同益
160813,XSHE,长盛同盛
160814,XSHE,金融地产
160910,XSHE,大成创新
160915,XSHE,大成景丰
160916,XSHE,优选LOF
160918,XSHE,大成小盘
160919,XSHE,大成产业
300001,XSHE,特锐德
300002,XSHE,神州泰岳
300003,XSHE,乐普医疗
300004,XSHE,南风股份
300005,XSHE,探路者
300006,XSHE,莱美药业
300007,XSHE,汉威电子
300008,XSHE,上海佳豪
300009,XSHE,安科生物
300010,XSHE,立思辰
300011,XSHE,鼎汉技术
300012,XSHE,华测检测
300013,XSHE,新宁物流
300014,XSHE,亿纬锂能
300015,XSHE,爱尔眼科
300016,XSHE,北陆药业
300017,XSHE,网宿科技
300018,XSHE,中元华电
300019,XSHE,硅宝科技
300020,XSHE,银江股份
300021,XSHE,大禹节水
300022,XSHE,吉峰农机
300023,XSHE,宝德股份
300024,XSHE,机器人
300025,XSHE,华星创业
300026,XSHE,红日药业
300027,XSHE,华谊兄弟
300028,XSHE,金亚科技
300029,XSHE,天龙光电
300030,XSHE,阳普医疗
300031,XSHE,宝通科技
300032,XSHE,金龙机电
300033,XSHE,同花顺
300034,XSHE,钢研高纳
300035,XSHE,中科电气
300036,XSHE,超图软件
300037,XSHE,新宙邦
300038,XSHE,梅泰诺
300039,XSHE,上海凯宝
300040,XSHE,九洲电气
300041,XSHE,回天新材
300042,XSHE,朗科科技
300043,XSHE,互动娱乐
300044,XSHE,赛为智能
300045,XSHE,华力创通
300046,XSHE,台基股份
300047,XSHE,天源迪科
300048,XSHE,合康变频
300049,XSHE,福瑞股份
300050,XSHE,世纪鼎利
300051,XSHE,三五互联
300052,XSHE,中青宝
300053,XSHE,欧比特
300054,XSHE,鼎龙股份
300055,XSHE,万邦达
300056,XSHE,三维丝
300057,XSHE,万顺股份
300058,XSHE,蓝色光标
300059,XSHE,东方财富
300061,XSHE,康耐特
300062,XSHE,中能电气
300063,XSHE,天龙集团
300064,XSHE,豫金刚石
300065,XSHE,海兰信
300066,XSHE,三川股份
300067,XSHE,安诺其
300068,XSHE,南都电源
300069,XSHE,金利华电
300070,XSHE,碧水源
300071,XSHE,华谊嘉信
300072,XSHE,三聚环保
300073,XSHE,当升科技
300074,XSHE,华平股份
300075,XSHE,数字政通
300076,XSHE,GQY视讯
300077,XSHE,国民技术
300078,XSHE,思创医惠
300079,XSHE,数码视讯
300080,XSHE,易成新能
300081,XSHE,恒信移动
300082,XSHE,奥克股份
300083,XSHE,劲胜精密
300084,XSHE,海默科技
300085,XSHE,银之杰
300086,XSHE,康芝药业
300087,XSHE,荃银高科
300088,XSHE,长信科技
300089,XSHE,文化长城
300090,XSHE,盛运环保
300091,XSHE,金通灵
300092,XSHE,科新机电
300093,XSHE,金刚玻璃
300094,XSHE,国联水产
300095,XSHE,华伍股份
300096,XSHE,易联众
300097,XSHE,智云股份
300098,XSHE,高新兴
300099,XSHE,尤洛卡
300100,XSHE,双林股份
300101,XSHE,振芯科技
300102,XSHE,乾照光电
300103,XSHE,达刚路机
300104,XSHE,乐视网
300105,XSHE,龙源技术
300106,XSHE,西部牧业
300107,XSHE,建新股份
300108,XSHE,双龙股份
300109,XSHE,新开源
300110,XSHE,华仁药业
300111,XSHE,向日葵
300112,XSHE,万讯自控
300113,XSHE,顺网科技
300114,XSHE,中航电测
300115,XSHE,长盈精密
300116,XSHE,坚瑞消防
300117,XSHE,嘉寓股份
300118,XSHE,东方日升
300119,XSHE,瑞普生物
300120,XSHE,经纬电材
300121,XSHE,阳谷华泰
300122,XSHE,智飞生物
300123,XSHE,太阳鸟
300124,XSHE,汇川技术
300125,XSHE,易世达
300126,XSHE,锐奇股份
300127,XSHE,银河磁体
300128,XSHE,锦富新材
300129,XSHE,泰胜风能
300130,XSHE,新国都
300131,XSHE,英唐智控
300132,XSHE,青松股份
300133,XSHE,华策影视
300134,XSHE,大富科技
300135,XSHE,宝利国际
300136,XSHE,信维通信
300137,XSHE,先河环保
300138,XSHE,晨光生物
300139,XSHE,晓程科技
300140,XSHE,启源装备
300141,XSHE,和顺电气
300142,XSHE,沃森生物
300143,XSHE,星河生物
300144,XSHE,宋城演艺
300145,XSHE,南方泵业
300146,XSHE,汤臣倍健
300147,XSHE,香雪制药
300148,XSHE,天舟文化
300149,XSHE,量子高科
300150,XSHE,世纪瑞尔
300151,XSHE,昌红科技
300152,XSHE,科融环境
300153,XSHE,科泰电源
300154,XSHE,瑞凌股份
300155,XSHE,安居宝
300156,XSHE,神雾环保
300157,XSHE,恒泰艾普
300158,XSHE,振东制药
300159,XSHE,新研股份
300160,XSHE,秀强股份
300161,XSHE,华中数控
300162,XSHE,雷曼股份
300163,XSHE,先锋新材
300164,XSHE,通源石油
300165,XSHE,天瑞仪器
300166,XSHE,东方国信
300167,XSHE,迪威视讯
300168,XSHE,万达信息
300169,XSHE,天晟新材
300170,XSHE,汉得信息
300171,XSHE,东富龙
300172,XSHE,中电环保
300173,XSHE,智慧松德
300174,XSHE,元力股份
300175,XSHE,朗源股份
300176,XSHE,鸿特精密
300177,XSHE,中海达
300178,XSHE,腾邦国际
300179,XSHE,四方达
300180,XSHE,华峰超纤
300181,XSHE,佐力药业
300182,XSHE,捷成股份
300183,XSHE,东软载波
300184,XSHE,力源信息
300185,XSHE,通裕重工
300187,XSHE,永清环保
300188,XSHE,美亚柏科
300189,XSHE,神农基因
300190,XSHE,维尔利
300191,XSHE,潜能恒信
300192,XSHE,科斯伍德
300193,XSHE,佳士科技
300194,XSHE,福安药业
300195,XSHE,长荣股份
300196,XSHE,长海股份
300197,XSHE,铁汉生态
300198,XSHE,纳川股份
300199,XSHE,翰宇药业
300200,XSHE,高盟新材
300201,XSHE,海伦哲
300202,XSHE,聚龙股份
300203,XSHE,聚光科技
300204,XSHE,舒泰神
300205,XSHE,天喻信息
300206,XSHE,理邦仪器
300207,XSHE,欣旺达
300208,XSHE,恒顺众昇
300209,XSHE,天泽信息
300210,XSHE,森远股份
300211,XSHE,亿通科技
300212,XSHE,易华录
300213,XSHE,佳讯飞鸿
300214,XSHE,日科化学
300215,XSHE,电科院
300216,XSHE,千山药机
300217,XSHE,东方电热
300218,XSHE,安利股份
300219,XSHE,鸿利光电
300220,XSHE,金运激光
300221,XSHE,银禧科技
300222,XSHE,科大智能
300223,XSHE,北京君正
300224,XSHE,正海磁材
300225,XSHE,金力泰
300226,XSHE,上海钢联
300227,XSHE,光韵达
300228,XSHE,富瑞特装
300229,XSHE,拓尔思
300230,XSHE,永利股份
300231,XSHE,银信科技
300232,XSHE,洲明科技
300233,XSHE,金城医药
300234,XSHE,开尔新材
300235,XSHE,方直科技
300236,XSHE,上海新阳
300237,XSHE,美晨科技
300238,XSHE,冠昊生物
300239,XSHE,东宝生物
300240,XSHE,飞力达
300241,XSHE,瑞丰光电
300242,XSHE,明家科技
300243,XSHE,瑞丰高材
300244,XSHE,迪安诊断
300245,XSHE,天玑科技
300246,XSHE,宝莱特
300247,XSHE,乐金健康
300248,XSHE,新开普
300249,XSHE,依米康
300250,XSHE,初灵信息
300251,XSHE,光线传媒
300252,XSHE,金信诺
300253,XSHE,卫宁软件
300254,XSHE,仟源医药
300255,XSHE,常山药业
300256,XSHE,星星科技
300257,XSHE,开山股份
300258,XSHE,精锻科技
300259,XSHE,新天科技
300260,XSHE,新莱应材
300261,XSHE,雅本化学
300262,XSHE,巴安水务
300263,XSHE,隆华节能
300264,XSHE,佳创视讯
300265,XSHE,通光线缆
300266,XSHE,兴源环境
300267,XSHE,尔康制药
300268,XSHE,万福生科
300269,XSHE,联建光电
300270,XSHE,中威电子
300271,XSHE,华宇软件
300272,XSHE,开能环保
300273,XSHE,和佳股份
300274,XSHE,阳光电源
300275,XSHE,梅安森
300276,XSHE,三丰智能
300277,XSHE,海联讯
300278,XSHE,华昌达
300279,XSHE,和晶科技
300280,XSHE,南通锻压
300281,XSHE,金明精机
300282,XSHE,汇冠股份
300283,XSHE,温州宏丰
300284,XSHE,苏交科
300285,XSHE,国瓷材料
300286,XSHE,安科瑞
300287,XSHE,飞利信
300288,XSHE,朗玛信息
300289,XSHE,利德曼
300290,XSHE,荣科科技
300291,XSHE,华录百纳
300292,XSHE,吴通控股
300293,XSHE,蓝英装备
300294,XSHE,博雅生物
300295,XSHE,三六五网
300296,XSHE,利亚德
300297,XSHE,蓝盾股份
300298,XSHE,三诺生物
300299,XSHE,富春通信
300300,XSHE,汉鼎股份
300301,XSHE,长方照明
300302,XSHE,同有科技
300303,XSHE,聚飞光电
300304,XSHE,云意电气
300305,XSHE,裕兴股份
300306,XSHE,远方光电
300307,XSHE,慈星股份
300308,XSHE,中际装备
300309,XSHE,吉艾科技
300310,XSHE,宜通世纪
300311,XSHE,任子行
300312,XSHE,邦讯技术
300313,XSHE,天山生物
300314,XSHE,戴维医疗
300315,XSHE,掌趣科技
300316,XSHE,晶盛机电
300317,XSHE,珈伟股份
300318,XSHE,博晖创新
300319,XSHE,麦捷科技
300320,XSHE,海达股份
300321,XSHE,同大股份
300322,XSHE,硕贝德
300323,XSHE,华灿光电
300324,XSHE,旋极信息
300325,XSHE,德威新材
300326,XSHE,凯利泰
300327,XSHE,中颖电子
300328,XSHE,宜安科技
300329,XSHE,海伦钢琴
300330,XSHE,华虹计通
300331,XSHE,苏大维格
300332,XSHE,天壕环境
300333,XSHE,兆日科技
300334,XSHE,津膜科技
300335,XSHE,迪森股份
300336,XSHE,新文化
300337,XSHE,银邦股份
300338,XSHE,开元仪器
300339,XSHE,润和软件
300340,XSHE,科恒股份
300341,XSHE,麦迪电气
300342,XSHE,天银机电
300343,XSHE,联创股份
300344,XSHE,太空板业
300345,XSHE,红宇新材
300346,XSHE,南大光电
300347,XSHE,泰格医药
300348,XSHE,长亮科技
300349,XSHE,金卡股份
300350,XSHE,华鹏飞
300351,XSHE,永贵电器
300352,XSHE,北信源
300353,XSHE,东土科技
300354,XSHE,东华测试
300355,XSHE,蒙草抗旱
300356,XSHE,光一科技
300357,XSHE,我武生物
300358,XSHE,楚天科技
300359,XSHE,全通教育
300360,XSHE,炬华科技
300362,XSHE,天保重装
300363,XSHE,博腾股份
300364,XSHE,中文在线
300365,XSHE,恒华科技
300366,XSHE,创意信息
300367,XSHE,东方网力
300368,XSHE,汇金股份
300369,XSHE,绿盟科技
300370,XSHE,安控科技
300371,XSHE,汇中股份
300372,XSHE,欣泰电气
300373,XSHE,扬杰科技
300374,XSHE,恒通科技
300375,XSHE,鹏翎股份
300376,XSHE,易事特
300377,XSHE,赢时胜
300378,XSHE,鼎捷软件
300379,XSHE,东方通
300380,XSHE,安硕信息
300381,XSHE,溢多利
300382,XSHE,斯莱克
300383,XSHE,光环新网
300384,XSHE,三联虹普
300385,XSHE,雪浪环境
300386,XSHE,飞天诚信
300387,XSHE,富邦股份
300388,XSHE,国祯环保
300389,XSHE,艾比森
300390,XSHE,天华超净
300391,XSHE,康跃科技
300392,XSHE,腾信股份
300393,XSHE,中来股份
300394,XSHE,天孚通信
300395,XSHE,菲利华
300396,XSHE,迪瑞医疗
300397,XSHE,天和防务
300398,XSHE,飞凯材料
300399,XSHE,京天利
300400,XSHE,劲拓股份
300401,XSHE,花园生物
300402,XSHE,宝色股份
300403,XSHE,地尔汉宇
300404,XSHE,博济医药
300405,XSHE,科隆精化
300406,XSHE,九强生物
300407,XSHE,凯发电气
300408,XSHE,三环集团
300409,XSHE,道氏技术
300410,XSHE,正业科技
300411,XSHE,金盾股份
300412,XSHE,迦南科技
300413,XSHE,快乐购
300414,XSHE,中光防雷
300415,XSHE,伊之密
300416,XSHE,苏试试验
300417,XSHE,南华仪器
300418,XSHE,昆仑万维
300419,XSHE,浩丰科技
300420,XSHE,五洋科技
300421,XSHE,力星股份
300422,XSHE,博世科
300423,XSHE,鲁亿通
300424,XSHE,航新科技
300425,XSHE,环能科技
300426,XSHE,唐德影视
300427,XSHE,红相电力
300428,XSHE,四通新材
300429,XSHE,强力新材
300430,XSHE,诚益通
300431,XSHE,暴风科技
300432,XSHE,富临精工
300433,XSHE,蓝思科技
300434,XSHE,金石东方
300435,XSHE,中泰股份
300436,XSHE,广生堂
300437,XSHE,清水源
300438,XSHE,鹏辉能源
300439,XSHE,美康生物
300440,XSHE,运达科技
300441,XSHE,鲍斯股份
300442,XSHE,普丽盛
300443,XSHE,金雷风电
300444,XSHE,双杰电气
300445,XSHE,康斯特
300446,XSHE,乐凯新材
300447,XSHE,全信股份
300448,XSHE,浩云科技
300449,XSHE,汉邦高科
300450,XSHE,先导智能
300451,XSHE,创业软件
300452,XSHE,山河药辅
300453,XSHE,三鑫医疗
300455,XSHE,康拓红外
300456,XSHE,耐威科技
300457,XSHE,赢合科技
300458,XSHE,全志科技
300459,XSHE,浙江金科
300460,XSHE,惠伦晶体
300461,XSHE,田中精机
300462,XSHE,华铭智能
300463,XSHE,迈克生物
300464,XSHE,星徽精密
300465,XSHE,高伟达
300466,XSHE,赛摩电气
300467,XSHE,迅游科技
300468,XSHE,四方精创
300469,XSHE,信息发展
300470,XSHE,日机密封
300471,XSHE,厚普股份
300472,XSHE,新元科技
300473,XSHE,德尔股份
300475,XSHE,聚隆科技
300476,XSHE,胜宏科技
300477,XSHE,合纵科技
300478,XSHE,杭州高新
300479,XSHE,神思电子
300480,XSHE,光力科技
300481,XSHE,濮阳惠成
300482,XSHE,万孚生物
300483,XSHE,沃施股份
300485,XSHE,赛升药业
300486,XSHE,东杰智能
300487,XSHE,蓝晓科技
300488,XSHE,恒锋工具
300489,XSHE,中飞股份
300493,XSHE,润欣科技
300496,XSHE,中科创达
300498,XSHE,温氏股份
600000,XSHG,浦发银行
600004,XSHG,白云机场
600005,XSHG,武钢股份
600006,XSHG,东风汽车
600007,XSHG,中国国贸
600008,XSHG,首创股份
600009,XSHG,上海机场
600010,XSHG,包钢股份
600011,XSHG,华能国际
600012,XSHG,皖通高速
600015,XSHG,华夏银行
600016,XSHG,民生银行
600017,XSHG,日照港
600018,XSHG,上港集团
600019,XSHG,宝钢股份
600020,XSHG,中原高速
600021,XSHG,上海电力
600022,XSHG,山东钢铁
600023,XSHG,浙能电力
600026,XSHG,中海发展
600027,XSHG,华电国际
600028,XSHG,中国石化
600029,XSHG,南方航空
600030,XSHG,中信证券
600031,XSHG,三一重工
600033,XSHG,福建高速
600035,XSHG,楚天高速
600036,XSHG,招商银行
600037,XSHG,歌华有线
600038,XSHG,中直股份
600039,XSHG,四川路桥
600048,XSHG,保利地产
600050,XSHG,中国联通
600051,XSHG,宁波联合
600052,XSHG,浙江广厦
600053,XSHG,中江地产
600054,XSHG,黄山旅游
600055,XSHG,华润万东
600056,XSHG,中国医药
600057,XSHG,象屿股份
600058,XSHG,五矿发展
600059,XSHG,古越龙山
600060,XSHG,海信电器
600061,XSHG,国投安信
600062,XSHG,华润双鹤
600063,XSHG,皖维高新
600064,XSHG,南京高科
600066,XSHG,宇通客车
600067,XSHG,冠城大通
600068,XSHG,葛洲坝
600069,XSHG,*ST银鸽
600070,XSHG,浙江富润
600071,XSHG,*ST光学
600072,XSHG,钢构工程
600073,XSHG,上海梅林
600074,XSHG,保千里
600075,XSHG,新疆天业
600076,XSHG,青鸟华光
600077,XSHG,宋都股份
600078,XSHG,澄星股份
600079,XSHG,人福医药
600080,XSHG,金花股份
600081,XSHG,东风科技
600082,XSHG,海泰发展
600083,XSHG,博信股份
600084,XSHG,中葡股份
600085,XSHG,同仁堂
600086,XSHG,东方金钰
600088,XSHG,中视传媒
600089,XSHG,特变电工
600090,XSHG,啤酒花
600091,XSHG,*ST明科
600093,XSHG,禾嘉股份
600094,XSHG,大名城
600095,XSHG,哈高科
600096,XSHG,云天化
600097,XSHG,开创国际
600098,XSHG,广州发展
600099,XSHG,林海股份
600100,XSHG,同方股份
600101,XSHG,明星电力
600103,XSHG,青山纸业
600104,XSHG,上汽集团
600105,XSHG,永鼎股份
600106,XSHG,重庆路桥
600107,XSHG,美尔雅
600108,XSHG,亚盛集团
600109,XSHG,国金证券
600110,XSHG,中科英华
600111,XSHG,北方稀土
600112,XSHG,天成控股
600113,XSHG,浙江东日
600114,XSHG,东睦股份
600115,XSHG,东方航空
600116,XSHG,三峡水利
600117,XSHG,西宁特钢
600118,XSHG,中国卫星
600119,XSHG,长江投资
600120,XSHG,浙江东方
600121,XSHG,郑州煤电
600122,XSHG,宏图高科
600123,XSHG,兰花科创
600125,XSHG,铁龙物流
600126,XSHG,杭钢股份
600127,XSHG,金健米业
600128,XSHG,弘业股份
600129,XSHG,太极集团
600130,XSHG,波导股份
600131,XSHG,岷江水电
600132,XSHG,重庆啤酒
600133,XSHG,东湖高新
600135,XSHG,乐凯胶片
600136,XSHG,道博股份
600137,XSHG,浪莎股份
600138,XSHG,中青旅
600139,XSHG,西部资源
600141,XSHG,兴发集团
600143,XSHG,金发科技
600145,XSHG,*ST新亿
600146,XSHG,商赢环球
600148,XSHG,长春一东
600149,XSHG,廊坊发展
600150,XSHG,中国船舶
600151,XSHG,航天机电
600152,XSHG,维科精华
600153,XSHG,建发股份
600155,XSHG,宝硕股份
600156,XSHG,华升股份
600157,XSHG,永泰能源
600158,XSHG,中体产业
600159,XSHG,大龙地产
600160,XSHG,巨化股份
600161,XSHG,天坛生物
600162,XSHG,香江控股
600163,XSHG,*ST闽能
600165,XSHG,新日恒力
600166,XSHG,福田汽车
600167,XSHG,联美控股
600168,XSHG,武汉控股
600169,XSHG,太原重工
600170,XSHG,上海建工
600171,XSHG,上海贝岭
600172,XSHG,黄河旋风
600173,XSHG,卧龙地产
600175,XSHG,美都能源
600176,XSHG,中国巨石
600177,XSHG,雅戈尔
600178,XSHG,东安动力
600179,XSHG,黑化股份
600180,XSHG,瑞茂通
600182,XSHG,S佳通
600183,XSHG,生益科技
600184,XSHG,光电股份
600185,XSHG,格力地产
600186,XSHG,莲花味精
600187,XSHG,国中水务
600188,XSHG,兖州煤业
600189,XSHG,吉林森工
600190,XSHG,锦州港
600191,XSHG,华资实业
600192,XSHG,长城电工
600193,XSHG,创兴资源
600195,XSHG,中牧股份
600196,XSHG,复星医药
600197,XSHG,伊力特
600198,XSHG,大唐电信
600199,XSHG,金种子酒
600200,XSHG,江苏吴中
600201,XSHG,金宇集团
600202,XSHG,哈空调
600203,XSHG,福日电子
600206,XSHG,有研新材
600207,XSHG,安彩高科
600208,XSHG,新湖中宝
600209,XSHG,罗顿发展
600210,XSHG,紫江企业
600211,XSHG,西藏药业
600212,XSHG,江泉实业
600213,XSHG,亚星客车
600215,XSHG,长春经开
600216,XSHG,浙江医药
600217,XSHG,*ST秦岭
600218,XSHG,全柴动力
600219,XSHG,南山铝业
600220,XSHG,江苏阳光
600221,XSHG,海南航空
600222,XSHG,太龙药业
600223,XSHG,鲁商置业
600225,XSHG,天津松江
600226,XSHG,升华拜克
600227,XSHG,赤天化
600228,XSHG,昌九生化
600229,XSHG,城市传媒
600230,XSHG,沧州大化
600231,XSHG,凌钢股份
600232,XSHG,金鹰股份
600233,XSHG,大杨创世
600234,XSHG,山水文化
600235,XSHG,民丰特纸
600236,XSHG,桂冠电力
600237,XSHG,铜峰电子
600238,XSHG,海南椰岛
600239,XSHG,云南城投
600240,XSHG,华业资本
600241,XSHG,时代万恒
600242,XSHG,*ST中昌
600243,XSHG,青海华鼎
600246,XSHG,万通地产
600247,XSHG,*ST成城
600248,XSHG,延长化建
600249,XSHG,两面针
600250,XSHG,南纺股份
600251,XSHG,冠农股份
600252,XSHG,中恒集团
600255,XSHG,鑫科材料
600256,XSHG,广汇能源
600257,XSHG,大湖股份
600258,XSHG,首旅酒店
600259,XSHG,广晟有色
600260,XSHG,凯乐科技
600261,XSHG,阳光照明
600262,XSHG,北方股份
600265,XSHG,ST景谷
600266,XSHG,北京城建
600267,XSHG,海正药业
600268,XSHG,国电南自
600269,XSHG,赣粤高速
600270,XSHG,外运发展
600271,XSHG,航天信息
600272,XSHG,开开实业
600273,XSHG,嘉化能源
600275,XSHG,武昌鱼
600276,XSHG,恒瑞医药
600277,XSHG,亿利洁能
600278,XSHG,东方创业
600279,XSHG,重庆港九
600280,XSHG,中央商场
600281,XSHG,太化股份
600282,XSHG,南钢股份
600283,XSHG,钱江水利
600284,XSHG,浦东建设
600285,XSHG,羚锐制药
600287,XSHG,江苏舜天
600288,XSHG,大恒科技
600289,XSHG,亿阳信通
600290,XSHG,华仪电气
600291,XSHG,西水股份
600292,XSHG,中电远达
600293,XSHG,三峡新材
600295,XSHG,鄂尔多斯
600297,XSHG,广汇汽车
600298,XSHG,安琪酵母
600299,XSHG,蓝星新材
600300,XSHG,维维股份
600301,XSHG,*ST南化
600302,XSHG,标准股份
600303,XSHG,曙光股份
600305,XSHG,恒顺醋业
600306,XSHG,商业城
600307,XSHG,酒钢宏兴
600308,XSHG,华泰股份
600309,XSHG,万华化学
600310,XSHG,桂东电力
600311,XSHG,ST荣华
600312,XSHG,平高电气
600313,XSHG,农发种业
600315,XSHG,上海家化
600316,XSHG,洪都航空
600317,XSHG,营口港
600318,XSHG,巢东股份
600319,XSHG,亚星化学
600320,XSHG,振华重工
600321,XSHG,国栋建设
600322,XSHG,天房发展
600323,XSHG,瀚蓝环境
600325,XSHG,华发股份
600326,XSHG,西藏天路
600327,XSHG,大东方
600328,XSHG,兰太实业
600329,XSHG,中新药业
600330,XSHG,天通股份
600331,XSHG,宏达股份
600332,XSHG,白云山
600333,XSHG,长春燃气
600335,XSHG,国机汽车
600336,XSHG,澳柯玛
600337,XSHG,美克家居
600338,XSHG,西藏珠峰
600339,XSHG,天利高新
600340,XSHG,华夏幸福
600343,XSHG,航天动力
600345,XSHG,长江通信
600346,XSHG,大橡塑
600348,XSHG,阳泉煤业
600350,XSHG,山东高速
600351,XSHG,亚宝药业
600352,XSHG,浙江龙盛
600353,XSHG,旭光股份
600354,XSHG,敦煌种业
600355,XSHG,精伦电子
600356,XSHG,恒丰纸业
600358,XSHG,国旅联合
600359,XSHG,新农开发
600360,XSHG,华微电子
600361,XSHG,华联综超
600362,XSHG,江西铜业
600363,XSHG,联创光电
600365,XSHG,通葡股份
600366,XSHG,宁波韵升
600367,XSHG,红星发展
600368,XSHG,五洲交通
600369,XSHG,西南证券
600370,XSHG,三房巷
600371,XSHG,万向德农
600372,XSHG,中航电子
600373,XSHG,中文传媒
600375,XSHG,华菱星马
600376,XSHG,首开股份
600377,XSHG,宁沪高速
600378,XSHG,天科股份
600379,XSHG,宝光股份
600380,XSHG,健康元
600381,XSHG,青海春天
600382,XSHG,广东明珠
600383,XSHG,金地集团
600385,XSHG,山东金泰
600386,XSHG,北巴传媒
600387,XSHG,海越股份
600388,XSHG,龙净环保
600389,XSHG,江山股份
600390,XSHG,金瑞科技
600391,XSHG,成发科技
600392,XSHG,盛和资源
600393,XSHG,东华实业
600395,XSHG,盘江股份
600396,XSHG,金山股份
600397,XSHG,安源煤业
600398,XSHG,海澜之家
600399,XSHG,抚顺特钢
600400,XSHG,红豆股份
600401,XSHG,*ST海润
600403,XSHG,大有能源
600405,XSHG,动力源
600406,XSHG,国电南瑞
600408,XSHG,*ST安泰
600409,XSHG,三友化工
600410,XSHG,华胜天成
600415,XSHG,小商品城
600416,XSHG,湘电股份
600418,XSHG,江淮汽车
600419,XSHG,天润乳业
600420,XSHG,现代制药
600421,XSHG,仰帆控股
600422,XSHG,昆药集团
600423,XSHG,柳化股份
600425,XSHG,青松建化
600426,XSHG,华鲁恒升
600428,XSHG,中远航运
600429,XSHG,三元股份
600432,XSHG,吉恩镍业
600433,XSHG,冠豪高新
600435,XSHG,北方导航
600436,XSHG,片仔癀
600438,XSHG,通威股份
600439,XSHG,瑞贝卡
600444,XSHG,*ST国通
600446,XSHG,金证股份
600448,XSHG,华纺股份
600449,XSHG,宁夏建材
600452,XSHG,涪陵电力
600455,XSHG,博通股份
600456,XSHG,宝钛股份
600458,XSHG,时代新材
600459,XSHG,贵研铂业
600460,XSHG,士兰微
600461,XSHG,洪城水业
600462,XSHG,石岘纸业
600463,XSHG,空港股份
600466,XSHG,蓝光发展
600467,XSHG,好当家
600468,XSHG,百利电气
600469,XSHG,风神股份
600470,XSHG,六国化工
600475,XSHG,华光股份
600476,XSHG,湘邮科技
600477,XSHG,杭萧钢构
600478,XSHG,科力远
600479,XSHG,千金药业
600480,XSHG,凌云股份
600481,XSHG,双良节能
600482,XSHG,风帆股份
600483,XSHG,福能股份
600485,XSHG,信威集团
600486,XSHG,扬农化工
600487,XSHG,亨通光电
600488,XSHG,天药股份
600489,XSHG,中金黄金
600490,XSHG,鹏欣资源
600491,XSHG,龙元建设
600493,XSHG,凤竹纺织
600495,XSHG,晋西车轴
600496,XSHG,精工钢构
600497,XSHG,驰宏锌锗
600498,XSHG,烽火通信
600499,XSHG,科达洁能
600500,XSHG,中化国际
600501,XSHG,航天晨光
600502,XSHG,安徽水利
600503,XSHG,华丽家族
600505,XSHG,西昌电力
600506,XSHG,香梨股份
600507,XSHG,方大特钢
600508,XSHG,上海能源
600509,XSHG,天富能源
600510,XSHG,黑牡丹
600511,XSHG,国药股份
600512,XSHG,腾达建设
600513,XSHG,联环药业
600515,XSHG,海岛建设
600516,XSHG,方大炭素
600517,XSHG,置信电气
600518,XSHG,康美药业
600519,XSHG,贵州茅台
600520,XSHG,中发科技
600521,XSHG,华海药业
600522,XSHG,中天科技
600523,XSHG,贵航股份
600525,XSHG,长园集团
600526,XSHG,菲达环保
600527,XSHG,江南高纤
600528,XSHG,中铁二局
600529,XSHG,山东药玻
600530,XSHG,交大昂立
600531,XSHG,豫光金铅
600532,XSHG,宏达矿业
600533,XSHG,栖霞建设
600535,XSHG,天士力
600536,XSHG,中国软件
600537,XSHG,亿晶光电
600538,XSHG,国发股份
600539,XSHG,*ST狮头
600540,XSHG,新赛股份
600543,XSHG,莫高股份
600545,XSHG,新疆城建
600546,XSHG,山煤国际
600547,XSHG,山东黄金
600548,XSHG,深高速
600549,XSHG,厦门钨业
600550,XSHG,保变电气
600551,XSHG,时代出版
600552,XSHG,方兴科技
600555,XSHG,九龙山
600556,XSHG,慧球科技
600557,XSHG,康缘药业
600558,XSHG,大西洋
600559,XSHG,老白干酒
600560,XSHG,金自天正
600561,XSHG,江西长运
600562,XSHG,国睿科技
600563,XSHG,法拉电子
600565,XSHG,迪马股份
600566,XSHG,济川药业
600567,XSHG,山鹰纸业
600568,XSHG,中珠控股
600569,XSHG,安阳钢铁
600570,XSHG,恒生电子
600571,XSHG,信雅达
600572,XSHG,康恩贝
600573,XSHG,惠泉啤酒
600575,XSHG,皖江物流
600576,XSHG,万家文化
600577,XSHG,精达股份
600578,XSHG,京能电力
600579,XSHG,天华院
600580,XSHG,卧龙电气
600581,XSHG,八一钢铁
600582,XSHG,天地科技
600583,XSHG,海油工程
600584,XSHG,长电科技
600585,XSHG,海螺水泥
600586,XSHG,金晶科技
600587,XSHG,新华医疗
600588,XSHG,用友网络
600589,XSHG,广东榕泰
600590,XSHG,泰豪科技
600592,XSHG,龙溪股份
600593,XSHG,大连圣亚
600594,XSHG,益佰制药
600595,XSHG,中孚实业
600596,XSHG,新安股份
600597,XSHG,光明乳业
600598,XSHG,北大荒
600599,XSHG,熊猫金控
600600,XSHG,青岛啤酒
600601,XSHG,方正科技
600602,XSHG,仪电电子
600603,XSHG,大洲兴业
600604,XSHG,市北高新
600605,XSHG,汇通能源
600606,XSHG,绿地控股
600608,XSHG,*ST沪科
600609,XSHG,金杯汽车
600610,XSHG,中毅达
600611,XSHG,大众交通
600612,XSHG,老凤祥
600613,XSHG,神奇制药
600614,XSHG,鼎立股份
600615,XSHG,丰华股份
600616,XSHG,金枫酒业
600617,XSHG,国新能源
600618,XSHG,氯碱化工
600619,XSHG,海立股份
600620,XSHG,天宸股份
600621,XSHG,华鑫股份
600622,XSHG,嘉宝集团
600623,XSHG,双钱股份
600624,XSHG,复旦复华
600626,XSHG,申达股份
600628,XSHG,新世界
600629,XSHG,华建集团
600630,XSHG,龙头股份
600633,XSHG,浙报传媒
600634,XSHG,中技控股
600635,XSHG,大众公用
600636,XSHG,三爱富
600637,XSHG,东方明珠
600638,XSHG,新黄浦
600639,XSHG,浦东金桥
600640,XSHG,号百控股
600641,XSHG,万业企业
600642,XSHG,申能股份
600643,XSHG,爱建集团
600644,XSHG,*ST乐电
600645,XSHG,中源协和
600647,XSHG,同达创业
600648,XSHG,外高桥
600649,XSHG,城投控股
600650,XSHG,锦江投资
600651,XSHG,飞乐音响
600652,XSHG,游久游戏
600653,XSHG,申华控股
600654,XSHG,中安消
600655,XSHG,豫园商城
600656,XSHG,*ST博元
600657,XSHG,信达地产
600658,XSHG,电子城
600660,XSHG,福耀玻璃
600661,XSHG,新南洋
600662,XSHG,强生控股
600663,XSHG,陆家嘴
600664,XSHG,哈药股份
600665,XSHG,天地源
600666,XSHG,奥瑞德
600667,XSHG,太极实业
600668,XSHG,尖峰集团
600671,XSHG,天目药业
600673,XSHG,东阳光科
600674,XSHG,川投能源
600675,XSHG,中华企业
600676,XSHG,交运股份
600677,XSHG,航天通信
600678,XSHG,四川金顶
600679,XSHG,金山开发
600680,XSHG,上海普天
600681,XSHG,万鸿集团
600682,XSHG,南京新百
600683,XSHG,京投银泰
600684,XSHG,珠江实业
600685,XSHG,中船防务
600686,XSHG,金龙汽车
600687,XSHG,刚泰控股
600688,XSHG,上海石化
600689,XSHG,上海三毛
600690,XSHG,青岛海尔
600691,XSHG,*ST阳化
600692,XSHG,亚通股份
600693,XSHG,东百集团
600694,XSHG,大商股份
600695,XSHG,绿庭投资
600696,XSHG,匹凸匹
600697,XSHG,欧亚集团
600698,XSHG,湖南天雁
600699,XSHG,均胜电子
600701,XSHG,工大高新
600702,XSHG,沱牌舍得
600703,XSHG,三安光电
600704,XSHG,物产中大
600705,XSHG,中航资本
600706,XSHG,曲江文旅
600707,XSHG,彩虹股份
600708,XSHG,光明地产
600710,XSHG,*ST常林
600711,XSHG,盛屯矿业
600712,XSHG,南宁百货
600713,XSHG,南京医药
600714,XSHG,金瑞矿业
600715,XSHG,*ST松辽
600716,XSHG,凤凰股份
600717,XSHG,天津港
600718,XSHG,东软集团
600719,XSHG,大连热电
600720,XSHG,祁连山
600721,XSHG,百花村
600722,XSHG,*ST金化
600723,XSHG,首商股份
600724,XSHG,宁波富达
600725,XSHG,云维股份
600726,XSHG,华电能源
600727,XSHG,鲁北化工
600728,XSHG,佳都科技
600729,XSHG,重庆百货
600730,XSHG,中国高科
600731,XSHG,湖南海利
600732,XSHG,*ST新梅
600733,XSHG,S前锋
600734,XSHG,实达集团
600735,XSHG,新华锦
600736,XSHG,苏州高新
600737,XSHG,中粮屯河
600738,XSHG,兰州民百
600739,XSHG,辽宁成大
600740,XSHG,山西焦化
600741,XSHG,华域汽车
600742,XSHG,一汽富维
600743,XSHG,华远地产
600744,XSHG,华银电力
600745,XSHG,中茵股份
600746,XSHG,江苏索普
600747,XSHG,大连控股
600748,XSHG,上实发展
600749,XSHG,西藏旅游
600750,XSHG,江中药业
600751,XSHG,天海投资
600753,XSHG,东方银星
600754,XSHG,锦江股份
600755,XSHG,厦门国贸
600756,XSHG,浪潮软件
600757,XSHG,长江传媒
600758,XSHG,红阳能源
600759,XSHG,洲际油气
600760,XSHG,中航黑豹
600761,XSHG,安徽合力
600763,XSHG,通策医疗
600764,XSHG,中电广通
600765,XSHG,中航重机
600766,XSHG,园城黄金
600767,XSHG,运盛医疗
600768,XSHG,宁波富邦
600769,XSHG,祥龙电业
600770,XSHG,综艺股份
600771,XSHG,广誉远
600773,XSHG,西藏城投
600774,XSHG,汉商集团
600775,XSHG,南京熊猫
600776,XSHG,东方通信
600777,XSHG,新潮实业
600778,XSHG,友好集团
600779,XSHG,*ST水井
600780,XSHG,通宝能源
600781,XSHG,辅仁药业
600782,XSHG,新钢股份
600783,XSHG,鲁信创投
600784,XSHG,鲁银投资
600785,XSHG,新华百货
600787,XSHG,中储股份
600789,XSHG,鲁抗医药
600790,XSHG,轻纺城
600791,XSHG,京能置业
600792,XSHG,云煤能源
600793,XSHG,ST宜纸
600794,XSHG,保税科技
600795,XSHG,国电电力
600796,XSHG,钱江生化
600797,XSHG,浙大网新
600798,XSHG,宁波海运
600800,XSHG,天津磁卡
600801,XSHG,华新水泥
600802,XSHG,福建水泥
600803,XSHG,新奥股份
600804,XSHG,鹏博士
600805,XSHG,悦达投资
600806,XSHG,昆明机床
600807,XSHG,天业股份
600808,XSHG,马钢股份
600809,XSHG,山西汾酒
600810,XSHG,神马股份
600811,XSHG,东方集团
600812,XSHG,华北制药
600814,XSHG,杭州解百
600815,XSHG,厦工股份
600816,XSHG,安信信托
600817,XSHG,ST宏盛
600818,XSHG,中路股份
600819,XSHG,耀皮玻璃
600820,XSHG,隧道股份
600821,XSHG,津劝业
600822,XSHG,上海物贸
600823,XSHG,世茂股份
600824,XSHG,益民集团
600825,XSHG,新华传媒
600826,XSHG,兰生股份
600827,XSHG,百联股份
600828,XSHG,成商集团
600829,XSHG,人民同泰
600830,XSHG,香溢融通
600831,XSHG,广电网络
600833,XSHG,第一医药
600834,XSHG,申通地铁
600835,XSHG,上海机电
600836,XSHG,界龙实业
600837,XSHG,海通证券
600838,XSHG,上海九百
600839,XSHG,四川长虹
600841,XSHG,上柴股份
600843,XSHG,上工申贝
600844,XSHG,丹化科技
600845,XSHG,宝信软件
600846,XSHG,同济科技
600847,XSHG,万里股份
600848,XSHG,上海临港
600850,XSHG,华东电脑
600851,XSHG,海欣股份
600853,XSHG,龙建股份
600854,XSHG,春兰股份
600855,XSHG,航天长峰
600856,XSHG,中天能源
600857,XSHG,宁波中百
600858,XSHG,银座股份
600859,XSHG,王府井
600860,XSHG,京城股份
600861,XSHG,北京城乡
600862,XSHG,南通科技
600863,XSHG,内蒙华电
600864,XSHG,哈投股份
600865,XSHG,百大集团
600866,XSHG,星湖科技
600867,XSHG,通化东宝
600868,XSHG,梅雁吉祥
600869,XSHG,智慧能源
600870,XSHG,*ST厦华
600871,XSHG,石化油服
600872,XSHG,中炬高新
600873,XSHG,梅花生物
600874,XSHG,创业环保
600875,XSHG,东方电气
600876,XSHG,洛阳玻璃
600877,XSHG,中国嘉陵
600879,XSHG,航天电子
600880,XSHG,博瑞传播
600881,XSHG,亚泰集团
600882,XSHG,华联矿业
600883,XSHG,博闻科技
600884,XSHG,杉杉股份
600885,XSHG,宏发股份
600886,XSHG,国投电力
600887,XSHG,伊利股份
600888,XSHG,新疆众和
600889,XSHG,南京化纤
600890,XSHG,中房股份
600891,XSHG,秋林集团
600892,XSHG,宝诚股份
600893,XSHG,中航动力
600894,XSHG,广日股份
600895,XSHG,张江高科
600896,XSHG,中海海盛
600897,XSHG,厦门空港
600898,XSHG,三联商社
600900,XSHG,长江电力
600917,XSHG,重庆燃气
600958,XSHG,东方证券
600959,XSHG,江苏有线
600960,XSHG,渤海活塞
600961,XSHG,株冶集团
600962,XSHG,*ST中鲁
600963,XSHG,岳阳林纸
600965,XSHG,福成五丰
600966,XSHG,博汇纸业
600967,XSHG,北方创业
600969,XSHG,郴电国际
600970,XSHG,中材国际
600971,XSHG,恒源煤电
600973,XSHG,宝胜股份
600975,XSHG,新五丰
600976,XSHG,健民集团
600978,XSHG,宜华木业
600979,XSHG,广安爱众
600980,XSHG,北矿磁材
600981,XSHG,汇鸿集团
600982,XSHG,宁波热电
600983,XSHG,惠而浦
600984,XSHG,*ST建机
600985,XSHG,雷鸣科化
600986,XSHG,科达股份
600987,XSHG,航民股份
600988,XSHG,赤峰黄金
600990,XSHG,四创电子
600992,XSHG,贵绳股份
600993,XSHG,马应龙
600995,XSHG,文山电力
600997,XSHG,开滦股份
600998,XSHG,九州通
600999,XSHG,招商证券
601000,XSHG,唐山港
601001,XSHG,大同煤业
601002,XSHG,晋亿实业
601003,XSHG,柳钢股份
601005,XSHG,重庆钢铁
601006,XSHG,大秦铁路
601007,XSHG,金陵饭店
601008,XSHG,连云港
601009,XSHG,南京银行
601010,XSHG,文峰股份
601011,XSHG,宝泰隆
601012,XSHG,隆基股份
601015,XSHG,陕西黑猫
601016,XSHG,节能风电
601018,XSHG,宁波港
601021,XSHG,春秋航空
601028,XSHG,玉龙股份
601038,XSHG,一拖股份
601058,XSHG,赛轮金宇
601069,XSHG,西部黄金
601088,XSHG,中国神华
601098,XSHG,中南传媒
601099,XSHG,太平洋
601100,XSHG,恒立油缸
601101,XSHG,昊华能源
601106,XSHG,中国一重
601107,XSHG,四川成渝
601111,XSHG,中国国航
601113,XSHG,华鼎股份
601116,XSHG,三江购物
601117,XSHG,中国化学
601118,XSHG,海南橡胶
601126,XSHG,四方股份
601137,XSHG,博威合金
601139,XSHG,深圳燃气
601158,XSHG,重庆水务
601166,XSHG,兴业银行
601168,XSHG,西部矿业
601169,XSHG,北京银行
601177,XSHG,杭齿前进
601179,XSHG,中国西电
601186,XSHG,中国铁建
601188,XSHG,龙江交通
601198,XSHG,东兴证券
601199,XSHG,江南水务
601208,XSHG,东材科技
601211,XSHG,国泰君安
601216,XSHG,君正集团
601218,XSHG,吉鑫科技
601222,XSHG,林洋电子
601225,XSHG,陕西煤业
601226,XSHG,华电重工
601231,XSHG,环旭电子
601233,XSHG,桐昆股份
601238,XSHG,广汽集团
601258,XSHG,庞大集团
601288,XSHG,农业银行
601311,XSHG,骆驼股份
601313,XSHG,江南嘉捷
601318,XSHG,中国平安
601328,XSHG,交通银行
601333,XSHG,广深铁路
601336,XSHG,新华保险
601339,XSHG,百隆东方
601368,XSHG,绿城水务
601369,XSHG,陕鼓动力
601377,XSHG,兴业证券
601388,XSHG,怡球资源
601390,XSHG,中国中铁
601398,XSHG,工商银行
601515,XSHG,东风股份
601518,XSHG,吉林高速
601519,XSHG,大智慧
601555,XSHG,东吴证券
601558,XSHG,华锐风电
601566,XSHG,九牧王
601567,XSHG,三星医疗
601579,XSHG,会稽山
601588,XSHG,北辰实业
601599,XSHG,鹿港科技
601600,XSHG,中国铝业
601601,XSHG,中国太保
601607,XSHG,上海医药
601608,XSHG,中信重工
601616,XSHG,广电电气
601618,XSHG,中国中冶
601628,XSHG,中国人寿
601633,XSHG,长城汽车
601636,XSHG,旗滨集团
601666,XSHG,平煤股份
601668,XSHG,中国建筑
601669,XSHG,中国电建
601677,XSHG,明泰铝业
601678,XSHG,滨化股份
601688,XSHG,华泰证券
601689,XSHG,拓普集团
601699,XSHG,潞安环能
601700,XSHG,风范股份
601717,XSHG,郑煤机
601718,XSHG,际华集团
601727,XSHG,上海电气
601766,XSHG,中国中车
601777,XSHG,力帆股份
601788,XSHG,光大证券
601789,XSHG,宁波建工
601798,XSHG,蓝科高新
601799,XSHG,星宇股份
601800,XSHG,中国交建
601801,XSHG,皖新传媒
601808,XSHG,中海油服
601818,XSHG,光大银行
601857,XSHG,中国石油
601866,XSHG,中海集运
601872,XSHG,招商轮船
601877,XSHG,正泰电器
601880,XSHG,大连港
601886,XSHG,江河创建
601888,XSHG,中国国旅
601890,XSHG,亚星锚链
601898,XSHG,中煤能源
601899,XSHG,紫金矿业
601901,XSHG,方正证券
601908,XSHG,京运通
601918,XSHG,国投新集
601919,XSHG,中国远洋
601928,XSHG,凤凰传媒
601929,XSHG,吉视传媒
601933,XSHG,永辉超市
601939,XSHG,建设银行
601958,XSHG,金钼股份
601965,XSHG,中国汽研
601968,XSHG,宝钢包装
601969,XSHG,海南矿业
601985,XSHG,中国核电
601988,XSHG,中国银行
601989,XSHG,中国重工
601991,XSHG,大唐发电
601992,XSHG,金隅股份
601996,XSHG,丰林集团
601998,XSHG,中信银行
601999,XSHG,出版传媒
603000,XSHG,人民网
603001,XSHG,奥康国际
603002,XSHG,宏昌电子
603003,XSHG,龙宇燃油
603005,XSHG,晶方科技
603006,XSHG,联明股份
603008,XSHG,喜临门
603009,XSHG,北特科技
603010,XSHG,万盛股份
603011,XSHG,合锻股份
603012,XSHG,创力集团
603015,XSHG,弘讯科技
603017,XSHG,中衡设计
603018,XSHG,设计股份
603019,XSHG,中科曙光
603020,XSHG,爱普股份
603021,XSHG,山东华鹏
603022,XSHG,新通联
603023,XSHG,威帝股份
603025,XSHG,大豪科技
603026,XSHG,石大胜华
603030,XSHG,全筑股份
603066,XSHG,音飞储存
603077,XSHG,和邦生物
603085,XSHG,天成自控
603088,XSHG,宁波精达
603099,XSHG,长白山
603100,XSHG,川仪股份
603108,XSHG,润达医疗
603111,XSHG,康尼机电
603116,XSHG,红蜻蜓
603117,XSHG,万林股份
603118,XSHG,共进股份
603123,XSHG,翠微股份
603126,XSHG,中材节能
603128,XSHG,华贸物流
603158,XSHG,腾龙股份
603166,XSHG,福达股份
603167,XSHG,渤海轮渡
603168,XSHG,莎普爱思
603169,XSHG,兰石重装
603188,XSHG,亚邦股份
603198,XSHG,迎驾贡酒
603199,XSHG,九华旅游
603222,XSHG,济民制药
603223,XSHG,恒通股份
603227,XSHG,雪峰科技
603268,XSHG,松发股份
603288,XSHG,海天味业
603300,XSHG,华铁科技
603306,XSHG,华懋科技
603308,XSHG,应流股份
603309,XSHG,维力医疗
603311,XSHG,金海环境
603315,XSHG,福鞍股份
603318,XSHG,派思股份
603328,XSHG,依顿电子
603333,XSHG,明星电缆
603338,XSHG,浙江鼎力
603355,XSHG,莱克电气
603366,XSHG,日出东方
603368,XSHG,柳州医药
603369,XSHG,今世缘
603398,XSHG,邦宝益智
603399,XSHG,新华龙
603456,XSHG,九洲药业
603518,XSHG,维格娜丝
603519,XSHG,立霸股份
603555,XSHG,贵人鸟
603558,XSHG,健盛集团
603566,XSHG,普莱柯
603567,XSHG,珍宝岛
603568,XSHG,伟明环保
603588,XSHG,高能环境
603589,XSHG,口子窖
603598,XSHG,引力传媒
603599,XSHG,广信股份
603600,XSHG,永艺股份
603601,XSHG,再升科技
603606,XSHG,东方电缆
603609,XSHG,禾丰牧业
603611,XSHG,诺力股份
603616,XSHG,韩建河山
603618,XSHG,杭电股份
603636,XSHG,南威软件
603669,XSHG,灵康药业
603678,XSHG,火炬电子
603686,XSHG,龙马环卫
603688,XSHG,石英股份
603696,XSHG,安记食品
603698,XSHG,航天工程
603699,XSHG,纽威股份
603703,XSHG,盛洋科技
603718,XSHG,海利生物
603729,XSHG,龙韵股份
603766,XSHG,隆鑫通用
603788,XSHG,宁波高发
603789,XSHG,星光农机
603799,XSHG,华友钴业
603800,XSHG,道森股份
603806,XSHG,福斯特
603808,XSHG,歌力思
603818,XSHG,曲美家居
603828,XSHG,柯利达
603838,XSHG,四通股份
603869,XSHG,北部湾旅
603883,XSHG,老百姓
603885,XSHG,吉祥航空
603889,XSHG,新澳股份
603898,XSHG,好莱客
603899,XSHG,晨光文具
603901,XSHG,永创智能
603918,XSHG,金桥信息
603936,XSHG,博敏电子
603939,XSHG,益丰药房
603968,XSHG,醋化股份
603969,XSHG,银龙股份
603979,XSHG,金诚信
603988,XSHG,中电电机
603989,XSHG,艾华集团
603993,XSHG,洛阳钼业
603997,XSHG,继峰股份
603998,XSHG,方盛制药
603999,XSHG,读者传媒
159915,XSHE,创业板
502012,XSHG,证券B
